ONTOLOGY,ID,Description,setSize,enrichmentScore,NES,pvalue,p.adjust,qvalue,rank,leading_edge,core_enrichment
CC,GO:0072562,blood microparticle,76,0.6756387245786719,2.383364802176911,5.5316973413049266e-11,1.6075112473832117e-7,1.39689914966216e-7,322,"tags=63%, list=15%, signal=56%",ACTC1/POTEE/IGHA1/ORM1/FGG/ORM2/GC/IGKV4-1/SERPING1/SERPINC1/HPX/ALB/IGHM/CLIC1/C4A/IGKC/CLU/POTEF/TF/FGB/AGT/AHSG/PLG/HP/APOA1/IGHG2/VTN/IGKV2D-28/ITIH2/FGA/SERPINA3/MSN/IGHG3/CP/A2M/AMBP/IGHG1/FN1/A1BG/C9/APCS/C3/APOA4/HSPA1A/GSN/KNG1/ACTB/CFH
CC,GO:0030312,external encapsulating structure,115,0.5891123079601741,2.1982468048626247,3.9855075720220955e-10,3.860628334765403e-7,3.3548184790459674e-7,369,"tags=43%, list=17%, signal=38%",IGFBP7/COL1A2/ANXA1/S100A4/CTSG/MFAP4/ORM1/FBN1/BGN/FGG/ORM2/SERPING1/SERPINC1/HPX/CLU/SERPINH1/SERPINA1/FGB/AGT/AHSG/PLG/TNXB/S100A10/APOA1/LMAN1/VTN/ITIH2/HSP90B1/FGA/SERPINA3/CTSC/APOH/A2M/AMBP/ASPN/FN1/HSD17B12/A1BG/APCS/APOA4/HSP90AA1/KNG1/FLG/TPSB2/CTSZ/SERPINF1/COL18A1/SOD3/LUM/LGALS1
CC,GO:0031012,extracellular matrix,115,0.5891123079601741,2.1982468048626247,3.9855075720220955e-10,3.860628334765403e-7,3.3548184790459674e-7,369,"tags=43%, list=17%, signal=38%",IGFBP7/COL1A2/ANXA1/S100A4/CTSG/MFAP4/ORM1/FBN1/BGN/FGG/ORM2/SERPING1/SERPINC1/HPX/CLU/SERPINH1/SERPINA1/FGB/AGT/AHSG/PLG/TNXB/S100A10/APOA1/LMAN1/VTN/ITIH2/HSP90B1/FGA/SERPINA3/CTSC/APOH/A2M/AMBP/ASPN/FN1/HSD17B12/A1BG/APCS/APOA4/HSP90AA1/KNG1/FLG/TPSB2/CTSZ/SERPINF1/COL18A1/SOD3/LUM/LGALS1
CC,GO:0062023,collagen-containing extracellular matrix,113,0.5892348441887741,2.1971064428121374,2.0933023770898893e-9,1.5207841769558046e-6,1.3215348427996433e-6,369,"tags=43%, list=17%, signal=38%",IGFBP7/COL1A2/ANXA1/S100A4/CTSG/MFAP4/ORM1/FBN1/BGN/FGG/ORM2/SERPING1/SERPINC1/HPX/CLU/SERPINH1/SERPINA1/FGB/AGT/AHSG/PLG/TNXB/S100A10/APOA1/LMAN1/VTN/ITIH2/HSP90B1/FGA/SERPINA3/CTSC/APOH/A2M/AMBP/ASPN/FN1/A1BG/APCS/APOA4/HSP90AA1/KNG1/FLG/TPSB2/CTSZ/SERPINF1/COL18A1/SOD3/LUM/LGALS1
BP,GO:0097435,supramolecular fiber organization,200,0.5049706539673686,1.99305492909632,6.971269010228479e-9,4.0517015487447925e-6,3.5208577590606575e-6,283,"tags=30%, list=13%, signal=28%",MYH6/MYBPH/ACTC1/MYH3/COL1A2/MYL2/CSRP3/TBCB/VIM/DSP/XIRP1/TMSB4X/NRAP/CORO1C/TUBB4A/RHOG/KRT6A/MFAP4/CRYAB/CSRP1/MARCKS/FLII/DSTN/ACTN1/KRT16/CNN3/CLU/SERPINH1/DPYSL3/MYOM3/KRT6B/TPM3/TF/TPM4/ARPC5L/TNXB/TMSB10/IQGAP1/CST3/ARPC5/S100A10/KLHL41/APOA1/DNAJB6/TAGLN2/KRT14/HSP90B1/XIRP2/MSRB2/FLNA/ARPC2/ACTR2/CALD1/DBN1/TNNT1/HSPA1A/GSN/CORO6/FLNC
BP,GO:0030029,actin filament-based process,202,0.4881652272221555,1.9304717202010768,1.2485760713989255e-8,6.047270105808795e-6,5.254971921554424e-6,320,"tags=31%, list=15%, signal=29%",MYH4/MYH6/MYBPH/ACTC1/MYH3/POTEE/MYL6B/ANXA1/MYL2/CSRP3/ATP2A2/DSP/XIRP1/TMSB4X/NRAP/CORO1C/TNNC1/RHOG/CSRP1/MARCKS/FLII/DSTN/ACTN1/ATP1A1/CNN3/ACTN4/DPYSL3/MYOM3/POTEF/TPM3/TF/JUP/TPM4/ARPC5L/TNXB/TMSB10/IQGAP1/ARPC5/S100A10/KLHL41/APOA1/DNAJB6/TAGLN2/MYL6/HSP90B1/ACTN3/XIRP2/MSRB2/FLNA/MYH9/ARPC2/SUMO1/ACTR2/CALD1/DBN1/TNNT1/GSN/CORO6/FLNC/TWF2/ACTB/SMTNL1/SETD3
BP,GO:0030036,actin cytoskeleton organization,173,0.49841358658617574,1.9440624925107899,8.57538753547234e-8,3.5600108825832316e-5,3.0935871725711494e-5,343,"tags=32%, list=16%, signal=30%",MYH6/MYBPH/ACTC1/MYH3/POTEE/ANXA1/MYL2/CSRP3/XIRP1/TMSB4X/NRAP/CORO1C/RHOG/CSRP1/MARCKS/FLII/DSTN/ACTN1/CNN3/ACTN4/DPYSL3/MYOM3/POTEF/TPM3/TF/TPM4/ARPC5L/TNXB/TMSB10/IQGAP1/ARPC5/S100A10/KLHL41/APOA1/DNAJB6/TAGLN2/HSP90B1/ACTN3/XIRP2/MSRB2/FLNA/MYH9/ARPC2/ACTR2/CALD1/DBN1/TNNT1/GSN/CORO6/FLNC/TWF2/ACTB/SMTNL1/SETD3/CFL2/PDLIM1
BP,GO:0007010,cytoskeleton organization,283,0.4430440348323107,1.8064558488521612,1.1914075066922872e-7,4.3277877680597334e-5,3.760771853361575e-5,398,"tags=31%, list=19%, signal=29%",MYH6/MYBPH/ACTC1/MYH3/POTEE/ANXA1/MYL2/THY1/CSRP3/TBCB/VIM/DSP/XIRP1/TMSB4X/NRAP/CORO1C/POLDIP2/TUBB4A/RHOG/KRT6A/CRYAB/CSRP1/MARCKS/FLII/DSTN/ACTN1/KRT16/TUBA1B/CNN3/ACTN4/DPYSL3/MYOM3/POTEF/KRT6B/TPM3/TF/TPM4/ARPC5L/TNXB/TMSB10/IQGAP1/ARPC5/DYNLT1/S100A10/NES/KLHL41/APOA1/DNAJB6/TAGLN2/KRT14/HSP90B1/ACTN3/MSN/LMNB1/XIRP2/TUBB2A/MSRB2/FLNA/NEXN/MYH9/ARPC2/CHMP4B/ACTR2/CALD1/DBN1/TNNT1/HSPA1A/GSN/CORO6/FLNC/TWF2/PRKAA2/ACTB/SMTNL1/SETD3/CFL2/DPYSL2/PDLIM1/CAPZA1/CLTC/DBNL/DYNC1H1/MAPRE1/RANBP1/RAC1/KRT5/TUBB
BP,GO:0009653,anatomical structure morphogenesis,306,0.4303235740969992,1.761754307190885,2.3789308303125137e-7,7.681303325431294e-5,6.674918201075696e-5,344,"tags=27%, list=16%, signal=27%",MYH6/MYBPH/ACTC1/MYH3/LTF/POTEE/IGFBP7/COL1A2/ANXA1/MYL3/MYL2/THY1/BNIP3/CSRP3/DSP/NRAP/APOD/CORO1C/TNNI1/TNNC1/RHOG/KRT6A/HSPB6/YBX1/CRYAB/FBN1/CSRP1/CD34/FLII/SNX1/ACTN1/KRT16/MAPK14/CLU/SERPINH1/MYOM3/POTEF/UCHL1/JUP/TPM4/AGT/IQGAP1/CST3/GLUL/NES/HSPB1/KLHL41/UBE3A/APOA1/DNAJB6/PRKDC/CD44/VTN/MFN2/ACTN3/MSN/XIRP2/APOH/FLNA/NEXN/MYH9/ALDH1A2/ASPN/MYOT/VAT1/FN1/FLOT1/C3/CALD1/COMT/DBN1/TNNT1/FLNC/CTSZ/TWF2/SERPINF1/MAP2K1/ACTB/SMTNL1/CFL2/IL18/RPL24/COL18A1/CD36
BP,GO:0061061,muscle structure development,161,0.4849158402705067,1.8766220785279262,6.98509743585795e-7,2.0298693148603205e-4,1.7639209209077076e-4,343,"tags=27%, list=16%, signal=25%",MYH6/MYBPH/MUSTN1/ACTC1/MYH3/MYL6B/MYL3/MYL2/CSRP3/ANKRD2/ATP2A2/DSP/XIRP1/NRAP/TNNI1/TNNC1/YBX1/CRYAB/CSRP1/RPL3L/FLII/ACTN1/KLHL40/ACTN4/MAPK14/MYOM3/UCHL1/HSPB2/PLG/KLHL41/MYL6/ACTN3/XIRP2/MYH9/ASS1/FLOT1/TNNT1/FLNC/ACTB/SMTNL1/SETD3/CFL2/IL18/PDLIM1
BP,GO:0006952,defense response,233,0.44498714303517417,1.7846587984845663,1.7743589609633002e-6,4.687533764144864e-4,4.073384830000916e-4,357,"tags=31%, list=17%, signal=29%",LTF/RPL30/ANXA1/BNIP3/CSRP3/VIM/IGHA1/CTSG/TMSB4X/APOD/LYZ/KRT6A/ORM1/ARL8B/ORM2/KRT16/SERPING1/HPX/IGHM/C4A/PPT1/HNRNPA0/MAPK14/CLU/AKAP1/PDE12/VAMP3/TF/SERPINA1/FGB/AGT/AHSG/HMGB2/APOL2/CST3/HP/APOA1/ARG1/IGHG2/PRKDC/CD44/PPP6C/APIP/FGA/SERPINA3/IGHG3/CTSC/DDX3X/A2M/ASS1/TMEM43/IGHG1/FN1/C9/APCS/ACTR2/MIF/FLOT1/C3/APOA4/COMT/HSP90AA1/HSPA1A/GSN/KNG1/MGLL/LAMP2/CFH/DCD/IL18/CD36/PPP2CA/NDUFAF4
CC,GO:0099512,supramolecular fiber,280,0.41843148934641816,1.706011257585426,2.40774663835192e-6,5.830759775875567e-4,5.066828232812505e-4,410,"tags=31%, list=19%, signal=29%",MYH4/MYH6/MYBPH/ACTC1/MYH3/POTEE/COL1A2/SMPX/MYL6B/ANXA1/MYL3/MYL2/CSRP3/TBCB/ANKRD2/VIM/DSP/NRAP/CORO1C/TNNI1/TUBB4A/TNNC1/KRT6A/MFAP4/CRYAB/FBN1/CSRP1/NDRG1/ACTN1/KLHL40/KRT16/TUBA1B/ACTN4/DPYSL3/MYOM3/POTEF/KRT6B/TPM3/JUP/TPM4/IQGAP1/DYNLT1/NES/DNAJB4/HSPB1/KLHL41/DYNC1I2/DNAJB6/KRT14/LMAN1/CASQ2/ACTN3/LMNB1/CCT5/XIRP2/TUBB2A/FLNA/NEXN/MYH9/CHMP4B/MYOT/CALD1/TNNT1/FLNC/CCT3/CCT7/TWF2/ACTB/SMTNL1/CCT8/CFL2/DPYSL2/DYNLRB1/PDLIM1/CLTC/MYH1/LUM/DYNC1H1/MAPRE1/RAC1/KRT5/TUBB/KRT17/MYL4/RPL15/RCSD1
CC,GO:0005856,cytoskeleton,397,0.3932979185492508,1.6352923141126952,2.771186205931911e-6,6.194667011106257e-4,5.383057253466118e-4,410,"tags=27%, list=19%, signal=27%",MYH4/MYH6/ACTC1/MYH3/POTEE/MYL6B/ANXA1/MYL3/MYL2/CSRP3/TBCB/NFS1/VIM/DSP/XIRP1/TMSB4X/CORO1C/POLDIP2/TNNI1/TUBB4A/TNNC1/RHOG/KRT6A/TSG101/CRYAB/ARL8B/MARCKS/HSPB7/APEX1/NDRG1/FLII/DSTN/ACTN1/ARHGDIB/KRT16/TUBA1B/CNN3/ACTN4/MAPK14/CLU/DPYSL3/POTEF/KRT6B/TPM3/JUP/TPM4/ARPC5L/PEA15/TMSB10/IQGAP1/ARPC5/DYNLT1/NES/HSPB1/KLHL41/DYNC1I2/TAGLN2/KRT14/MYL6/MFN2/ACTN3/MSN/LMNB1/CCT5/XIRP2/TUBB2A/CTSC/CBX3/FLNA/NEXN/DDX3X/MYH9/ARPC2/CHMP4B/MYOT/GNAI2/ACTR2/FLOT1/CALD1/DBN1/TNNT1/HSPA1A/GSN/FLNC/CCT3/CCT7/TWF2/MAP2K1/ACTB/SMTNL1/CCT8/CFL2/DPYSL2/DYNLRB1/PDLIM1/PPP2CA/CAPZA1/CLTC/MYH1/DBNL/DYNC1H1/MAPRE1/RANBP1/RAC1/KRT5/TUBB/KRT17/MYL4/RCSD1
CC,GO:0031093,platelet alpha granule lumen,29,0.7345999759222528,2.16412460378041,3.6720595794299293e-6,7.114003425215583e-4,6.181944513019229e-4,282,"tags=66%, list=13%, signal=58%",TMSB4X/ORM1/FGG/ORM2/ACTN1/SERPING1/ALB/ACTN4/CLU/SERPINA1/FGB/AHSG/PLG/FGA/SERPINA3/A2M/FN1/A1BG/KNG1
CC,GO:0099081,supramolecular polymer,282,0.4164012397057649,1.6989068033246515,3.4881205912728873e-6,7.114003425215583e-4,6.181944513019229e-4,410,"tags=30%, list=19%, signal=28%",MYH4/MYH6/MYBPH/ACTC1/MYH3/POTEE/COL1A2/SMPX/MYL6B/ANXA1/MYL3/MYL2/CSRP3/TBCB/ANKRD2/VIM/DSP/NRAP/CORO1C/TNNI1/TUBB4A/TNNC1/KRT6A/MFAP4/CRYAB/FBN1/CSRP1/NDRG1/ACTN1/KLHL40/KRT16/TUBA1B/ACTN4/DPYSL3/MYOM3/POTEF/KRT6B/TPM3/JUP/TPM4/IQGAP1/DYNLT1/NES/DNAJB4/HSPB1/KLHL41/DYNC1I2/DNAJB6/KRT14/LMAN1/CASQ2/ACTN3/LMNB1/CCT5/XIRP2/TUBB2A/FLNA/NEXN/MYH9/CHMP4B/MYOT/CALD1/TNNT1/FLNC/CCT3/CCT7/TWF2/ACTB/SMTNL1/CCT8/CFL2/DPYSL2/DYNLRB1/PDLIM1/CLTC/MYH1/LUM/DYNC1H1/MAPRE1/RAC1/KRT5/TUBB/KRT17/MYL4/RPL15/RCSD1
BP,GO:0002526,acute inflammatory response,19,0.8020210341289938,2.152882972662279,4.084306354879329e-6,7.166870555407858e-4,6.227885124216123e-4,265,"tags=68%, list=13%, signal=60%",ORM1/ORM2/SERPINA1/AHSG/APOL2/HP/SERPINA3/A2M/ASS1/IGHG1/FN1/APCS/C3
CC,GO:0015629,actin cytoskeleton,160,0.47324431671719636,1.833117909953162,4.192594612592346e-6,7.166870555407858e-4,6.227885124216123e-4,370,"tags=32%, list=17%, signal=28%",MYH4/MYH6/ACTC1/MYH3/POTEE/MYL6B/ANXA1/MYL3/MYL2/XIRP1/CORO1C/TNNI1/TNNC1/CRYAB/MARCKS/HSPB7/FLII/DSTN/ACTN1/CNN3/ACTN4/DPYSL3/POTEF/TPM3/TPM4/ARPC5L/IQGAP1/ARPC5/TAGLN2/MYL6/ACTN3/XIRP2/FLNA/NEXN/MYH9/ARPC2/MYOT/ACTR2/FLOT1/CALD1/DBN1/TNNT1/GSN/TWF2/ACTB/SMTNL1/CFL2/PDLIM1/CAPZA1/MYH1/DBNL
BP,GO:0048513,animal organ development,372,0.3879865291470744,1.6085766553496035,6.9049706380114785e-6,0.0011147691485589644,9.687148865841836e-4,343,"tags=24%, list=16%, signal=25%",MYH6/MUSTN1/ACTC1/MYH3/LTF/POTEE/COL1A2/MYL6B/ANXA1/MYL3/MYL2/THY1/BNIP3/CSRP3/ANKRD2/VIM/DSP/S100A4/NRAP/APOD/CORO1C/TNNI1/TNNC1/KRT6A/TSG101/CRYAB/FBN1/HSPB7/BGN/RPL3L/CD34/KLHL40/KRT16/PPT1/MAPK14/SERPINH1/KRT6B/JUP/AGT/AHSG/AKR1C3/HMGB2/PLG/CACYBP/TNXB/IQGAP1/NES/HSD17B4/KLHL41/UBE3A/APOA1/DNAJB6/KRT14/PRKDC/MYL6/CD44/VTN/MFN2/ACTN3/MSN/XIRP2/TUBB2A/FLNA/YWHAQ/A2M/ALDH1A2/ASS1/ASPN/GNB1/FN1/FLOT1/COMT/RPL10/FLG/CTSZ/MME/SERPINF1/MAP2K1/ACTB/RBBP7/SMTNL1/PRMT1/PPIB/RPL13/CFL2/IL18/EIF2B2/RPL24/COL18A1/PDLIM1
MF,GO:0005198,structural molecule activity,227,0.43231261825818834,1.7247935026170145,7.91829951454166e-6,0.0012110830731188456,0.0010524100019604122,408,"tags=33%, list=19%, signal=30%",MYBPH/RPL30/POTEE/IGFBP7/COL1A2/MYL6B/MYL3/MYL2/CSRP3/ANKRD2/VIM/DSP/TUBB4A/KRT6A/MFAP4/HSPB6/CRYAB/FBN1/CSRP1/BGN/RPL3L/FGG/COPG1/MRPS30/RPL17/ACTN1/KRT16/TUBA1B/RPS3A/POTEF/KRT6B/HSPB2/JUP/TPM4/FGB/TNXB/ARPC5/KRT14/MYL6/VTN/FGA/RPS17/ACTN3/MSN/LMNB1/TUBB2A/NEXN/ARPC2/ASPN/COPB2/MYOT/FN1/ACTR2/RPL10/MRPS22/RPL8/FLG/RPLP2/MRPL12/RPS8/ACTB/RPL13/RPL24/COL18A1/CLTC/LUM/DBNL/RPL27/MRPL46/KRT5/RPS27L/TUBB/SEC31A/KRT17/RPS18/RPL15
CC,GO:0005788,endoplasmic reticulum lumen,82,0.5538732588488284,1.9825082018920848,9.124340133144903e-6,0.0013257666213459546,0.0011520679989165592,380,"tags=43%, list=18%, signal=36%",IGFBP7/COL1A2/FBN1/FGG/SERPING1/SERPINC1/ALB/C4A/CLU/SERPINH1/TF/TXNDC5/SERPINA1/AHSG/CST3/APOA1/VTN/CASQ2/ITIH2/HSP90B1/FGA/CTSC/CP/TMEM43/FN1/C3/APOA4/DNAJB11/KNG1/CTSZ/PPIB/COL18A1/LGALS1/APOA2/GANAB
BP,GO:0048731,system development,439,0.36846563786416275,1.5423253843309048,1.0185430977791227e-5,0.0014094696391172051,0.0012248044569283787,344,"tags=23%, list=16%, signal=24%",MYH6/MUSTN1/ACTC1/LTF/POTEE/IGFBP7/COL1A2/ANXA1/MYL3/MYL2/THY1/BNIP3/CSRP3/TBCB/VIM/DSP/NRAP/APOD/CORO1C/TNNI1/TNNC1/RHOG/HSPB6/CRYAB/FBN1/MARCKS/HSPB7/BGN/CD34/NDRG1/PPT1/MAPK14/CLU/SERPINH1/DPYSL3/POTEF/UCHL1/JUP/AGT/AHSG/AKR1C3/HMGB2/PLG/CACYBP/TNXB/IQGAP1/DYNLT1/GLUL/S100A10/NES/HSD17B4/HSPB1/UBE3A/APOA1/PRKDC/CD44/VTN/MFN2/RAB6A/ACTN3/XIRP2/TUBB2A/CTSC/APOH/FLNA/YWHAQ/NEXN/MYH9/A2M/ALDH1A2/ASS1/GNB1/MYOT/FN1/FLOT1/C3/CALD1/APOA4/DNAJB11/COMT/DBN1/HSP90AA1/GSN/CTSZ/TWF2/MME/SERPINF1/MAP2K1/ACTB/RBBP7/PRMT1/PPIB/PCYT1A/RPL13/IL18/EIF2B2/DPYSL2/RPL24/COL18A1/PDLIM1/CD36
CC,GO:0031983,vesicle lumen,148,0.4773430842718719,1.8410883072476443,1.2874602010923626e-5,0.001558899726822669,0.0013546565887809553,328,"tags=32%, list=15%, signal=29%",CREG1/LTF/CTSG/TMSB4X/LYZ/ORM1/FGG/ORM2/ACTN1/SERPING1/ALB/ACTN4/MAPK14/CLU/TF/JUP/TXNDC5/SERPINA1/FGB/FTL/AHSG/PLG/ARPC5/HP/DYNLT1/APOA1/ARG1/FGA/SERPINA3/CTSC/APOH/DDX3X/A2M/AMPD3/VAT1/FN1/A1BG/ACTR2/MIF/C3/HSP90AA1/GSN/KNG1/S100A11/CTSZ/CCT8/GYG1/PSMD6
CC,GO:0034774,secretory granule lumen,148,0.4773430842718719,1.8410883072476443,1.2874602010923626e-5,0.001558899726822669,0.0013546565887809553,328,"tags=32%, list=15%, signal=29%",CREG1/LTF/CTSG/TMSB4X/LYZ/ORM1/FGG/ORM2/ACTN1/SERPING1/ALB/ACTN4/MAPK14/CLU/TF/JUP/TXNDC5/SERPINA1/FGB/FTL/AHSG/PLG/ARPC5/HP/DYNLT1/APOA1/ARG1/FGA/SERPINA3/CTSC/APOH/DDX3X/A2M/AMPD3/VAT1/FN1/A1BG/ACTR2/MIF/C3/HSP90AA1/GSN/KNG1/S100A11/CTSZ/CCT8/GYG1/PSMD6
CC,GO:0060205,cytoplasmic vesicle lumen,148,0.4773430842718719,1.8410883072476443,1.2874602010923626e-5,0.001558899726822669,0.0013546565887809553,328,"tags=32%, list=15%, signal=29%",CREG1/LTF/CTSG/TMSB4X/LYZ/ORM1/FGG/ORM2/ACTN1/SERPING1/ALB/ACTN4/MAPK14/CLU/TF/JUP/TXNDC5/SERPINA1/FGB/FTL/AHSG/PLG/ARPC5/HP/DYNLT1/APOA1/ARG1/FGA/SERPINA3/CTSC/APOH/DDX3X/A2M/AMPD3/VAT1/FN1/A1BG/ACTR2/MIF/C3/HSP90AA1/GSN/KNG1/S100A11/CTSZ/CCT8/GYG1/PSMD6
BP,GO:0051239,regulation of multicellular organismal process,328,0.3975360733690828,1.6335602896975918,1.505797143273624e-5,0.0017503385993412606,0.0015210136196688103,422,"tags=30%, list=20%, signal=28%",MYH6/MYBPH/MUSTN1/LTF/ANXA1/MYL3/MYL2/THY1/CSRP3/LMCD1/ATP2A2/DSP/CTSG/APOD/CORO1C/TNNI1/TNNC1/HSPB6/ORM1/FBN1/HSPB7/FGG/ORM2/CD34/ARHGDIB/SERPING1/SERPINC1/ATP1A1/MAPK14/CLU/TF/JUP/FGB/AGT/AHSG/HMGB2/PLG/TNXB/IQGAP1/CST3/DYNLT1/GLUL/S100A10/HSPB1/APOA1/ARG1/PRKDC/VTN/CASQ2/MFN2/FGA/ACTN3/CTSC/APOH/FLNA/DDX3X/SUMO1/ASPN/FN1/APCS/MIF/FLOT1/C3/APOA4/DNAJB11/DBN1/HSP90AA1/TNNT1/HSPA1A/KNG1/FUNDC2/TWF2/MME/MGLL/SERPINF1/MAP2K1/ACTB/RBBP7/SMTNL1/SETD3/PRMT1/PPIB/IL18/CD36/PPP2CA/LUM/LGALS1/APOA2/DYNC1H1/RAC1/PPM1B/RBP4/KRT17/MYL4/PDCL3/HMGB1/MYH7
BP,GO:0003206,cardiac chamber morphogenesis,11,0.871067657680798,2.0303267331212185,1.6684776495998175e-5,0.0018648446345142576,0.0016205173608866245,48,"tags=55%, list=2%, signal=54%",MYH6/MYL3/MYL2/DSP/TNNI1/TNNC1
BP,GO:0055001,muscle cell development,75,0.5425268964871739,1.9077446225460086,2.1038092301304276e-5,0.002264322082503342,0.001967656274106392,115,"tags=20%, list=5%, signal=20%",MYH6/MYBPH/ACTC1/MYH3/MYL2/CSRP3/ATP2A2/NRAP/CSRP1/FLII/ACTN1/KLHL40/ACTN4/MYOM3/UCHL1
BP,GO:0008015,blood circulation,90,0.5112762493100604,1.8542188692749273,2.5171869764720756e-5,0.0026124804834385187,0.002270199833291921,319,"tags=32%, list=15%, signal=29%",MYH6/ACTC1/COL1A2/MYL3/MYL2/CSRP3/SCPEP1/ATP2A2/DSP/CTSG/TNNI1/TNNC1/HSPB7/FGG/SERPING1/ATP1A1/JUP/FGB/AGT/CASQ2/FGA/FLNA/SUMO1/COMT/HSP90AA1/GSN/KNG1/CTSZ/SMTNL1
BP,GO:0007155,cell adhesion,182,0.43731549875880205,1.7177207372421697,2.8526736997751064e-5,0.0028585757832918827,0.0024840523432887404,344,"tags=29%, list=16%, signal=27%",MYBPH/IGFBP7/ANXA1/THY1/ATP2A2/DSP/CTSG/APOD/CORO1C/POLDIP2/MFAP4/FBN1/CSRP1/FGG/CD34/ACTN1/CNN3/CLIC1/ACTN4/MAPK14/VAMP3/JUP/FGB/PLG/TNXB/S100A10/HSPB1/APOA1/ARG1/DNAJB6/CD44/VTN/FGA/ACTN3/MSN/FLNA/NEXN/MYH9/ASS1/AMBP/ARPC2/MYOT/FN1/HSD17B12/FLOT1/APOA4/KNG1/S100A11/ACTB/IL18/COL18A1/PDLIM1/CD36
BP,GO:0006953,acute-phase response,14,0.821976595299944,1.9909889554646136,3.30398161396434e-5,0.0032004568567267906,0.0027811410147019133,260,"tags=79%, list=12%, signal=69%",ORM1/ORM2/SERPINA1/AHSG/APOL2/HP/SERPINA3/A2M/ASS1/FN1/APCS
BP,GO:0030154,cell differentiation,486,0.3617068337412367,1.5220164933651525,3.42719068627422e-5,0.0032127148820364137,0.0027917930242349247,344,"tags=23%, list=16%, signal=25%",MYH6/MYBPH/MUSTN1/ACTC1/MYH3/LTF/POTEE/ANXA1/MYL2/THY1/BNIP3/CSRP3/TBCB/ANKRD2/VIM/ATP2A2/DSP/XIRP1/S100A4/TMSB4X/NRAP/APOD/CORO1C/KRT6A/TSG101/YBX1/FBN1/CSRP1/MARCKS/RPL3L/FGG/CD34/NDRG1/FLII/ACTN1/KLHL40/KRT16/SFXN1/CNN3/IGHM/CLIC1/PPT1/ACTN4/MAPK14/CLU/RPS3A/SERPINH1/DPYSL3/MYOM3/POTEF/UCHL1/KRT6B/AP1M1/TF/TPM4/AGT/AKR1C3/HMGB2/PLG/TNXB/IQGAP1/DYNLT1/S100A10/HSD17B4/KLHL41/UBE3A/DNAJB6/TAGLN2/KRT14/PRKDC/VTN/CBR1/RAB6A/ACTN3/MSN/FLNA/NEXN/DDX3X/MYH9/A2M/ALDH1A2/MYOT/FN1/APCS/FLOT1/C3/APOA4/DNAJB11/DBN1/HSP90AA1/TNNT1/HSPA1A/FLNC/FLG/TWF2/MME/SERPINF1/MAP2K1/ACTB/RBBP7/SETD3/PRMT1/CFL2/IL18/FBL/EIF2B2/DPYSL2/RPL24/COL18A1/CD36
BP,GO:0006959,humoral immune response,43,0.6214596274447172,2.0002157418654223,3.7283962283385e-5,0.003219360624821397,0.0027975680584440654,332,"tags=53%, list=16%, signal=46%",LTF/RPL30/IGHA1/CTSG/LYZ/KRT6A/SERPING1/HPX/IGHM/C4A/CLU/TF/FGB/IGHG2/FGA/IGHG3/A2M/IGHG1/C9/C3/KNG1/CFH/DCD
BP,GO:0007517,muscle organ development,94,0.5165039420914894,1.885734731724144,3.766629774395303e-5,0.003219360624821397,0.0027975680584440654,238,"tags=22%, list=11%, signal=21%",MYH6/MUSTN1/ACTC1/MYH3/MYL6B/MYL3/MYL2/CSRP3/ANKRD2/DSP/TNNI1/TNNC1/CRYAB/RPL3L/KLHL40/MAPK14/KLHL41/MYL6/ACTN3/XIRP2/ASS1
BP,GO:0048869,cellular developmental process,487,0.360793051033044,1.5171653161361922,3.723989316373386e-5,0.003219360624821397,0.0027975680584440654,344,"tags=23%, list=16%, signal=25%",MYH6/MYBPH/MUSTN1/ACTC1/MYH3/LTF/POTEE/ANXA1/MYL2/THY1/BNIP3/CSRP3/TBCB/ANKRD2/VIM/ATP2A2/DSP/XIRP1/S100A4/TMSB4X/NRAP/APOD/CORO1C/KRT6A/TSG101/YBX1/FBN1/CSRP1/MARCKS/RPL3L/FGG/CD34/NDRG1/FLII/ACTN1/KLHL40/KRT16/SFXN1/CNN3/IGHM/CLIC1/PPT1/ACTN4/MAPK14/CLU/RPS3A/SERPINH1/DPYSL3/MYOM3/POTEF/UCHL1/KRT6B/AP1M1/TF/TPM4/AGT/AKR1C3/HMGB2/PLG/TNXB/IQGAP1/DYNLT1/S100A10/HSD17B4/KLHL41/UBE3A/DNAJB6/TAGLN2/KRT14/PRKDC/VTN/CBR1/RAB6A/ACTN3/MSN/FLNA/NEXN/DDX3X/MYH9/A2M/ALDH1A2/MYOT/FN1/APCS/FLOT1/C3/APOA4/DNAJB11/DBN1/HSP90AA1/TNNT1/HSPA1A/FLNC/FLG/TWF2/MME/SERPINF1/MAP2K1/ACTB/RBBP7/SETD3/PRMT1/CFL2/IL18/FBL/EIF2B2/DPYSL2/RPL24/COL18A1/CD36
MF,GO:0003779,actin binding,148,0.4627647842195336,1.7848605359647551,4.207053968261443e-5,0.0034930568090765007,0.0030354052540929933,370,"tags=34%, list=17%, signal=30%",MYH4/MYH6/MYH3/MYL3/MYL2/CSRP3/XIRP1/S100A4/TMSB4X/NRAP/CORO1C/TNNI1/TNNC1/MARCKS/GC/FLII/DSTN/ACTN1/CNN3/ACTN4/PIP/TPM3/TPM4/ARPC5L/TMSB10/IQGAP1/ARPC5/TAGLN2/ACTN3/MSN/XIRP2/MSRB2/FLNA/NEXN/MYH9/ARPC2/MYOT/ACTR2/CALD1/DBN1/GSN/CORO6/FLNC/TWF2/SETD3/CFL2/PDLIM1/CAPZA1/MYH1/DBNL
MF,GO:0061135,endopeptidase regulator activity,43,0.619205819979333,1.9929616887100607,4.5282648580082474e-5,0.0036553160214922134,0.0031764056708660196,310,"tags=44%, list=15%, signal=39%",LTF/SERPING1/SERPINC1/C4A/SERPINH1/SERPINA7/SERPINA1/AGT/AHSG/CST3/ITIH2/SERPINA3/A2M/AMBP/C3/KNG1/CAST/SERPINF1/PSME2
BP,GO:0006955,immune response,221,0.4173287513297045,1.6612491400811529,7.057500861124915e-5,0.005542999324980812,0.00481676943551598,375,"tags=31%, list=18%, signal=29%",LTF/RPL30/ANXA1/THY1/VIM/IGHA1/CTSG/LYZ/KRT6A/IGKV3D-11/ARL8B/IGKV4-1/KRT16/SERPING1/HPX/IGHM/C4A/PPT1/IGKC/MAPK14/CLU/AKAP1/PDE12/VAMP3/TF/FGB/HMGB2/STX7/APOA1/ARG1/IGHG2/PRKDC/VTN/IGKV2D-28/PPP6C/FGA/IGHG3/CTSC/DDX3X/A2M/ASS1/AMBP/TMEM43/IGHG1/A1BG/C9/APCS/ACTR2/MIF/FLOT1/C3/APOA4/HSP90AA1/HSPA1A/GSN/KNG1/LAMP2/CFH/PCYT1A/DCD/IL18/EIF2B2/CD36/OTUB1/PPP2CA/SPPL2A/LGALS1/DBNL/APOA2
BP,GO:0003012,muscle system process,129,0.464660312821004,1.764519648684889,7.559783793340077e-5,0.005751201049272329,0.004997693091318984,279,"tags=25%, list=13%, signal=23%",MYH4/MYH6/MYBPH/MYH3/SMPX/MYL6B/MYL3/MYL2/CSRP3/ANKRD2/LMCD1/ATP2A2/DSP/TNNI1/TNNC1/CRYAB/ATP1A1/TPM3/JUP/TPM4/AGT/KLHL41/MYL6/CASQ2/ACTN3/FLNA/SUMO1/MYOT/CALD1/HSP90AA1/TNNT1/GSN
CC,GO:0099080,supramolecular complex,346,0.3800435664915122,1.5692859853713137,7.718404711686884e-5,0.005751201049272329,0.004997693091318984,410,"tags=27%, list=19%, signal=26%",MYH4/MYH6/MYBPH/ACTC1/MYH3/POTEE/COL1A2/SMPX/MYL6B/ANXA1/MYL3/MYL2/CSRP3/TBCB/ANKRD2/VIM/DSP/CTSG/NRAP/CORO1C/TNNI1/TUBB4A/TNNC1/KRT6A/MFAP4/YBX1/CRYAB/FBN1/CSRP1/NDRG1/ACTN1/KLHL40/KRT16/TUBA1B/ACTN4/DPYSL3/MYOM3/POTEF/KRT6B/TPM3/JUP/TPM4/IQGAP1/DYNLT1/NES/DNAJB4/HSPB1/KLHL41/DYNC1I2/DNAJB6/KRT14/LMAN1/CASQ2/ACTN3/LMNB1/CCT5/XIRP2/TUBB2A/FLNA/NEXN/DDX3X/MYH9/SUMO1/CHMP4B/MYOT/CALD1/TNNT1/FLNC/FLG/CCT3/CCT7/TWF2/PRKAA2/ACTB/SMTNL1/CCT8/CFL2/DPYSL2/DYNLRB1/PDLIM1/CLTC/MYH1/LUM/DYNC1H1/MAPRE1/RAC1/KRT5/TUBB/KRT17/MYL4/RPL15/RCSD1
BP,GO:0034113,heterotypic cell-cell adhesion,12,0.8304593583811855,1.9594803130923526,7.978807736591138e-5,0.005796603820633462,0.0050371473052847745,264,"tags=75%, list=12%, signal=66%",THY1/DSP/FGG/JUP/FGB/APOA1/CD44/FGA/FLOT1
BP,GO:0045445,myoblast differentiation,19,0.7515834732660961,2.017492301665382,9.61978815364684e-5,0.005947894547765472,0.005168616300246086,369,"tags=53%, list=17%, signal=44%",MUSTN1/CSRP3/ANKRD2/XIRP1/MAPK14/PLG/KLHL41/ACTB/IL18/LGALS1
MF,GO:0005539,glycosaminoglycan binding,36,0.6450898168218857,2.0015116550294896,9.559785639850939e-5,0.005947894547765472,0.005168616300246086,354,"tags=53%, list=17%, signal=45%",LTF/CTSG/FBN1/BGN/SERPINC1/IGHM/DPYSL3/TNXB/CD44/VTN/ITIH2/APOH/AMBP/FN1/HSD17B12/PDCD5/KNG1/CFH/SOD3
MF,GO:0061134,peptidase regulator activity,50,0.5974844081129855,1.9745627618732977,9.106444304713891e-5,0.005947894547765472,0.005168616300246086,310,"tags=42%, list=15%, signal=37%",LTF/SERPING1/SERPINC1/C4A/SERPINH1/SERPINA7/SERPINA1/AGT/AHSG/CST3/ITIH2/SERPINA3/CTSC/A2M/AMBP/FN1/C3/KNG1/CAST/SERPINF1/PSME2
CC,GO:0031091,platelet alpha granule,35,0.6410755063144666,1.9730851765128763,8.984151581779924e-5,0.005947894547765472,0.005168616300246086,346,"tags=60%, list=16%, signal=51%",TMSB4X/ORM1/FGG/ORM2/ACTN1/SERPING1/ALB/ACTN4/CLU/SERPINA1/FGB/AHSG/PLG/FGA/SERPINA3/A2M/FN1/A1BG/KNG1/CD36/SCCPDH
MF,GO:0004866,endopeptidase inhibitor activity,38,0.6284340532684743,1.9673881424102309,8.816824976388607e-5,0.005947894547765472,0.005168616300246086,307,"tags=47%, list=14%, signal=41%",LTF/SERPING1/SERPINC1/C4A/SERPINH1/SERPINA7/SERPINA1/AGT/AHSG/CST3/ITIH2/SERPINA3/A2M/AMBP/C3/KNG1/CAST/SERPINF1
BP,GO:0042246,tissue regeneration,16,0.7711783889162145,1.9527084448320062,9.616318254152283e-5,0.005947894547765472,0.005168616300246086,141,"tags=31%, list=7%, signal=29%",MUSTN1/ANXA1/XIRP1/APOD/PLG
BP,GO:0051241,negative regulation of multicellular organismal process,125,0.4625340427440019,1.7383457541420935,8.648873377589966e-5,0.005947894547765472,0.005168616300246086,440,"tags=35%, list=21%, signal=30%",LTF/ANXA1/THY1/ATP2A2/CTSG/APOD/CORO1C/ORM1/FBN1/FGG/CD34/ARHGDIB/SERPING1/ATP1A1/FGB/AHSG/PLG/CST3/DYNLT1/APOA1/ARG1/VTN/FGA/ACTN3/CTSC/APOH/FN1/APCS/APOA4/DNAJB11/TNNT1/KNG1/SERPINF1/RBBP7/CD36/PPP2CA/LGALS1/APOA2/RAC1/PPM1B/RBP4/HMGB1/CALR/LGALS3
BP,GO:0042060,wound healing,79,0.5241103392344101,1.8645357217561895,1.008727827722026e-4,0.006030504653441309,0.005240403036768103,285,"tags=37%, list=13%, signal=33%",ANXA1/DSP/CTSG/KRT6A/CSRP1/ARL8B/FGG/CD34/SERPING1/SERPINC1/CLIC1/MAPK14/SERPINA1/FGB/PLG/S100A10/HSPB1/LMAN1/CD44/VTN/FGA/APOH/FLNA/MYH9/CHMP4B/FN1/APCS/KNG1/FUNDC2
BP,GO:0003013,circulatory system process,96,0.48991382380854565,1.7934223779322103,1.0168435238080665e-4,0.006030504653441309,0.005240403036768103,365,"tags=33%, list=17%, signal=29%",MYH6/ACTC1/COL1A2/MYL3/MYL2/CSRP3/SCPEP1/ATP2A2/DSP/CTSG/TNNI1/TNNC1/HSPB7/FGG/SERPING1/ATP1A1/JUP/FGB/AGT/CASQ2/FGA/FLNA/SUMO1/COMT/HSP90AA1/GSN/KNG1/CTSZ/SMTNL1/CD36/SOD3/GCLM
BP,GO:0006936,muscle contraction,109,0.4831431102275834,1.7924099789006807,1.0541967905605026e-4,0.0061269917467376405,0.005324248632746623,279,"tags=28%, list=13%, signal=25%",MYH4/MYH6/MYBPH/MYH3/SMPX/MYL6B/MYL3/MYL2/CSRP3/ANKRD2/ATP2A2/DSP/TNNI1/TNNC1/CRYAB/ATP1A1/TPM3/JUP/TPM4/KLHL41/MYL6/CASQ2/ACTN3/FLNA/SUMO1/MYOT/CALD1/HSP90AA1/TNNT1/GSN
MF,GO:0030414,peptidase inhibitor activity,39,0.6226004166014059,1.9613974512086172,1.1324068315688872e-4,0.00632841202411382,0.005499279329825426,307,"tags=46%, list=14%, signal=40%",LTF/SERPING1/SERPINC1/C4A/SERPINH1/SERPINA7/SERPINA1/AGT/AHSG/CST3/ITIH2/SERPINA3/A2M/AMBP/C3/KNG1/CAST/SERPINF1
BP,GO:0140546,defense response to symbiont,162,0.43403686768684663,1.6814409397259655,1.1212300563396885e-4,0.00632841202411382,0.005499279329825426,357,"tags=32%, list=17%, signal=29%",LTF/RPL30/ANXA1/BNIP3/VIM/IGHA1/CTSG/LYZ/KRT6A/ARL8B/KRT16/SERPING1/HPX/IGHM/C4A/PPT1/CLU/AKAP1/PDE12/VAMP3/TF/FGB/HMGB2/ARG1/IGHG2/PRKDC/PPP6C/FGA/IGHG3/DDX3X/A2M/ASS1/TMEM43/IGHG1/C9/APCS/ACTR2/MIF/FLOT1/C3/APOA4/HSP90AA1/HSPA1A/GSN/KNG1/LAMP2/CFH/DCD/IL18/CD36/PPP2CA/NDUFAF4
BP,GO:0003008,system process,259,0.39595301604715183,1.6038041837907855,1.2080579481995269e-4,0.006501141476792269,0.005649378202204025,375,"tags=27%, list=18%, signal=26%",MYH4/MYH6/MYBPH/ACTC1/MYH3/COL1A2/SMPX/MYL6B/MYL3/MYL2/CSRP3/ANKRD2/SCPEP1/LMCD1/ATP2A2/IGHA1/DSP/CTSG/TNNI1/TNNC1/CRYAB/HSPB7/FGG/CD34/SERPING1/ATP1A1/PPT1/UCHL1/PIP/TPM3/JUP/TPM4/FGB/AGT/AKR1C3/KLHL41/UBE3A/APOA1/MYL6/CASQ2/FGA/SERPINA3/ACTN3/CTSC/FLNA/SUMO1/GNB1/CHMP4B/MYOT/GNAI2/CALD1/APOA4/COMT/HSP90AA1/TNNT1/GSN/KNG1/CTSZ/MME/MGLL/SERPINF1/SMTNL1/SETD3/COL18A1/CD36/SOD3/MYH1/GCLM/LUM/ALDH7A1/APOA2
BP,GO:0048468,cell development,310,0.3828746823874992,1.5673131694325324,1.1908942833617194e-4,0.006501141476792269,0.005649378202204025,341,"tags=24%, list=16%, signal=24%",MYH6/MYBPH/ACTC1/MYH3/LTF/POTEE/ANXA1/MYL2/THY1/CSRP3/VIM/ATP2A2/TMSB4X/NRAP/APOD/CORO1C/FBN1/CSRP1/FGG/CD34/NDRG1/FLII/ACTN1/KLHL40/SFXN1/IGHM/PPT1/ACTN4/MAPK14/CLU/SERPINH1/DPYSL3/MYOM3/POTEF/UCHL1/TF/TPM4/HMGB2/TNXB/IQGAP1/DYNLT1/S100A10/HSD17B4/KLHL41/UBE3A/PRKDC/RAB6A/ACTN3/MSN/FLNA/NEXN/MYH9/ALDH1A2/MYOT/FN1/APCS/FLOT1/C3/APOA4/DNAJB11/DBN1/TNNT1/HSPA1A/FLNC/TWF2/MME/SERPINF1/MAP2K1/ACTB/PRMT1/CFL2/IL18/EIF2B2/RPL24/COL18A1
BP,GO:0042692,muscle cell differentiation,106,0.4781749243605749,1.7727373563197528,1.3099167242968998e-4,0.006921123637830528,0.0060143353523220335,115,"tags=17%, list=5%, signal=17%",MYH6/MYBPH/ACTC1/MYH3/MYL2/CSRP3/ATP2A2/NRAP/YBX1/CSRP1/RPL3L/FLII/ACTN1/KLHL40/ACTN4/MAPK14/MYOM3/UCHL1
BP,GO:0065008,regulation of biological quality,411,0.356802856425381,1.4890440893873538,1.4560724977718233e-4,0.0075559762116516405,0.006566011131869556,430,"tags=27%, list=20%, signal=27%",MYH6/CREG1/LTF/COL1A2/ANXA1/MYL3/MYL2/BNIP3/CSRP3/SCPEP1/VIM/ATP2A2/DSP/CTSG/TMSB4X/TNNC1/RHOG/YBX1/CRYAB/FBN1/CSRP1/FGG/APEX1/FLII/DSTN/SERPING1/SERPINC1/ALB/ATP1A1/CLIC1/PPT1/HNRNPA0/MAPK14/CLU/PDE12/SERPINA7/TF/JUP/SERPINA1/FGB/ARPC5L/AGT/AKR1C3/PLG/HP1BP3/TMSB10/ARPC5/DYNLT1/HSD17B4/HSPB1/UBE3A/APOA1/PRKDC/LMAN1/VTN/CASQ2/DEPTOR/FGA/SERBP1/MSN/PAIP1/CCT5/APOH/FLNA/MYH9/ALDH1A2/ATP6V1A/ARPC2/SUMO1/FN1/HSD17B12/GNAI2/FLOT1/COMT/DBN1/HSP90AA1/HSPA1A/GSN/KNG1/FUNDC2/PPA2/BCO2/CCT3/CCT7/CTSZ/TWF2/MME/LAMP2/ACTB/SMTNL1/CCT8/PPIB/CFL2/CD36/SOD3/CAPZA1/GCLM/APOA2/RAC1/RAP1A/TUBB/RBP4/MYL4/PDCL3/MCU/HMGB1/RBP1/MYH7/AP2B1/CTSB/CDC37/CALR
BP,GO:0007275,multicellular organism development,498,0.3521496896551721,1.4809219254884078,1.5312304092910534e-4,0.007806588718245265,0.006783789015492589,344,"tags=22%, list=16%, signal=24%",MYH6/MUSTN1/ACTC1/MYH3/LTF/POTEE/IGFBP7/COL1A2/ANXA1/MYL3/MYL2/THY1/BNIP3/CSRP3/TBCB/VIM/DSP/NRAP/APOD/CORO1C/TNNI1/TNNC1/RHOG/HSPB6/YBX1/CRYAB/FBN1/MARCKS/HSPB7/BGN/CD34/NDRG1/ARHGDIB/PPT1/MAPK14/CLU/SERPINH1/DPYSL3/POTEF/UCHL1/JUP/AGT/AHSG/AKR1C3/HMGB2/PLG/CACYBP/TNXB/IQGAP1/DYNLT1/GLUL/S100A10/NES/HSD17B4/HSPB1/UBE3A/APOA1/DNAJB6/PRKDC/CD44/VTN/MFN2/RAB6A/ACTN3/XIRP2/TUBB2A/CTSC/APOH/FLNA/YWHAQ/NEXN/MYH9/A2M/ALDH1A2/ASS1/ASPN/GNB1/MYOT/FN1/APCS/FLOT1/C3/CALD1/APOA4/DNAJB11/COMT/RPL10/DBN1/HSP90AA1/HSPA1A/GSN/CTSZ/TWF2/MME/SERPINF1/MAP2K1/ACTB/RBBP7/PRMT1/PPIB/PCYT1A/RPL13/IL18/EIF2B2/DPYSL2/RPL24/COL18A1/PDLIM1/CD36
BP,GO:0007528,neuromuscular junction development,14,-0.7537111458281699,-2.068105932415723,1.7592549069932236e-4,0.00838097501593821,0.007282920658976262,238,"tags=43%, list=11%, signal=38%",GPHN/CACNA1S/ANK3/LAMB2/CRKL/NEDD4
BP,GO:0002250,adaptive immune response,48,0.5885551557225774,1.9235617354108472,1.6781929530022247e-4,0.00838097501593821,0.007282920658976262,416,"tags=58%, list=20%, signal=48%",ANXA1/IGHA1/IGKV3D-11/IGKV4-1/SERPING1/HPX/IGHM/C4A/IGKC/CLU/FGB/STX7/ARG1/IGHG2/IGKV2D-28/FGA/IGHG3/CTSC/IGHG1/C9/C3/PCYT1A/IL18/OTUB1/LGALS1/DBNL/HPRT1/HMGB1
BP,GO:0003205,cardiac chamber development,17,0.7438768458539381,1.918906964369105,1.7591785835015968e-4,0.00838097501593821,0.007282920658976262,48,"tags=35%, list=2%, signal=35%",MYH6/MYL3/MYL2/DSP/TNNI1/TNNC1
BP,GO:0009611,response to wounding,101,0.49154362403534857,1.8085391935025446,1.7425359925736793e-4,0.00838097501593821,0.007282920658976262,315,"tags=36%, list=15%, signal=32%",ANXA1/BNIP3/DSP/CTSG/APOD/KRT6A/CSRP1/ARL8B/FGG/CD34/SERPING1/SERPINC1/CLIC1/MAPK14/DPYSL3/SERPINA1/FGB/PLG/S100A10/HSPB1/LMAN1/CD44/VTN/FGA/APOH/FLNA/MYH9/CHMP4B/FN1/APCS/APOA4/COMT/KNG1/FUNDC2/MAP2K1/ACTB
BP,GO:0051093,negative regulation of developmental process,83,0.5069527068300209,1.8176540207689424,1.857685623454628e-4,0.008526273787819078,0.00740918274965696,450,"tags=40%, list=21%, signal=33%",LTF/ANXA1/THY1/BNIP3/CSRP3/ANKRD2/TMSB4X/YBX1/FBN1/RPL3L/AHSG/CST3/DYNLT1/UBE3A/APOH/ASPN/VAT1/APCS/DNAJB11/SERPINF1/ACTB/RBBP7/PRMT1/IL18/CD36/PPP2CA/LGALS1/PTBP1/RBP4/HMGB1/CALR/DDX6/HUWE1
CC,GO:0030017,sarcomere,136,0.4498206194442288,1.7190914090145777,0.00018777753696504507,0.008526273787819078,0.00740918274965696,232,"tags=24%, list=11%, signal=23%",MYH4/MYH6/MYBPH/ACTC1/MYH3/SMPX/MYL3/MYL2/CSRP3/ANKRD2/NRAP/CORO1C/TNNI1/TNNC1/CRYAB/CSRP1/ACTN1/KLHL40/ACTN4/MYOM3/TPM3/JUP/TPM4/DNAJB4/HSPB1/KLHL41/DNAJB6/LMAN1/CASQ2/ACTN3/XIRP2/FLNA/NEXN
CC,GO:0030055,cell-substrate junction,178,0.4190501543637926,1.637467257236579,1.8673433457913247e-4,0.008526273787819078,0.00740918274965696,471,"tags=34%, list=22%, signal=29%",ACTC1/RPL30/SMPX/ANXA1/THY1/VIM/XIRP1/NRAP/CORO1C/RHOG/CSRP1/MARCKS/FLII/ACTN1/CNN3/ACTN4/RPS3A/JUP/TPM4/ARPC5L/IQGAP1/ARPC5/HSPB1/CD44/HSP90B1/RPS17/ACTN3/MSN/XIRP2/FLNA/YWHAQ/NEXN/MYH9/ARPC2/CPNE3/ACTR2/FLOT1/HSPA1A/RPL8/GSN/FLNC/RPLP2/MME/MAP2K1/RPS8/ACTB/PPIB/PDLIM1/CLTC/RPL27/MAPRE1/RAC1/RPS18/CALR/FHL1/FHL3/SORBS1/RPL22/RPL13A/PGM5
BP,GO:0009132,nucleoside diphosphate metabolic process,43,-0.5258514811124153,-1.8923981234986147,2.4572201620647456e-4,0.010096620778331782,0.008773786810308236,438,"tags=53%, list=21%, signal=43%",ALDOA/LDHA/PKM/GAPDH/PGAM2/PRKAA1/TPI1/ENO3/GALK1/TIGAR/PGK1/AK3/PGM1/AK1/ENO2/PFKL/PFKM/NUDT5/GPD1/BPGM/PFKFB2/SLC4A1/ALDOC
BP,GO:0009185,ribonucleoside diphosphate metabolic process,43,-0.5258514811124153,-1.8923981234986147,2.4572201620647456e-4,0.010096620778331782,0.008773786810308236,438,"tags=53%, list=21%, signal=43%",ALDOA/LDHA/PKM/GAPDH/PGAM2/PRKAA1/TPI1/ENO3/GALK1/TIGAR/PGK1/AK3/PGM1/AK1/ENO2/PFKL/PFKM/NUDT5/GPD1/BPGM/PFKFB2/SLC4A1/ALDOC
BP,GO:0009135,purine nucleoside diphosphate metabolic process,41,-0.5248498172469845,-1.8647388080325502,2.549186465722974e-4,0.010096620778331782,0.008773786810308236,532,"tags=54%, list=25%, signal=41%",ALDOA/LDHA/PKM/GAPDH/PGAM2/PRKAA1/TPI1/ENO3/GALK1/TIGAR/PGK1/AK3/PGM1/AK1/ENO2/PFKL/PFKM/GPD1/BPGM/PFKFB2/SLC4A1/ALDOC
BP,GO:0009179,purine ribonucleoside diphosphate metabolic process,41,-0.5248498172469845,-1.8647388080325502,2.549186465722974e-4,0.010096620778331782,0.008773786810308236,532,"tags=54%, list=25%, signal=41%",ALDOA/LDHA/PKM/GAPDH/PGAM2/PRKAA1/TPI1/ENO3/GALK1/TIGAR/PGK1/AK3/PGM1/AK1/ENO2/PFKL/PFKM/GPD1/BPGM/PFKFB2/SLC4A1/ALDOC
BP,GO:0046031,ADP metabolic process,41,-0.5248498172469845,-1.8647388080325502,2.549186465722974e-4,0.010096620778331782,0.008773786810308236,532,"tags=54%, list=25%, signal=41%",ALDOA/LDHA/PKM/GAPDH/PGAM2/PRKAA1/TPI1/ENO3/GALK1/TIGAR/PGK1/AK3/PGM1/AK1/ENO2/PFKL/PFKM/GPD1/BPGM/PFKFB2/SLC4A1/ALDOC
MF,GO:0051015,actin filament binding,76,0.5197794484360259,1.8335598556312516,2.497079657523054e-4,0.010096620778331782,0.008773786810308236,422,"tags=49%, list=20%, signal=40%",MYH4/MYH6/MYH3/XIRP1/NRAP/CORO1C/TNNC1/MARCKS/FLII/DSTN/ACTN1/CNN3/ACTN4/TPM3/TPM4/ARPC5L/IQGAP1/ARPC5/TAGLN2/ACTN3/XIRP2/FLNA/NEXN/MYH9/ARPC2/ACTR2/GSN/CORO6/FLNC/TWF2/CFL2/CAPZA1/MYH1/DBNL/MYL4/RCSD1/MYH7
BP,GO:0007015,actin filament organization,100,0.48939781627123724,1.8036358301538784,2.3259217524347433e-4,0.010096620778331782,0.008773786810308236,358,"tags=36%, list=17%, signal=31%",ACTC1/XIRP1/TMSB4X/NRAP/CORO1C/RHOG/MARCKS/FLII/DSTN/ACTN1/CNN3/DPYSL3/TPM3/TF/TPM4/ARPC5L/TMSB10/IQGAP1/ARPC5/S100A10/APOA1/TAGLN2/HSP90B1/XIRP2/MSRB2/FLNA/ARPC2/ACTR2/CALD1/DBN1/GSN/CORO6/TWF2/CFL2/PDLIM1/CAPZA1
BP,GO:0051604,protein maturation,141,0.43980455385876766,1.6856954767604162,2.571059661378361e-4,0.010096620778331782,0.008773786810308236,552,"tags=43%, list=26%, signal=34%",TBCB/CTSG/HSPB6/DNAJA4/CRYAB/FGG/CLU/SERPINH1/HSPB2/TXNDC5/FGB/PLG/AHSA1/S100A10/DNAJB4/HSPB1/DNAJB6/LMAN1/HSP90B1/CISD1/FGA/CCT5/APOH/FLNA/MYH9/APCS/DNAJB11/PDCD5/HSP90AA1/HSPA1A/GSN/PMPCA/CCT3/CCT7/CTSZ/MME/CAST/CCT8/PPIB/GCSH/PDCL3/DNAJA2/CDC37/CALR/SNX12/GLRX5/HSPA4/PMPCB/PDIA4/CHORDC1/CCT4/FKBP2/ANXA2/CCT2/HSP90AB1/PTGES3/PDIA3/BAG3/GLRX3/TTC1
CC,GO:0030141,secretory granule,252,0.39213667147815306,1.5843020374665047,2.3325755103900079e-4,0.010096620778331782,0.008773786810308236,402,"tags=31%, list=19%, signal=28%",CREG1/LTF/DSP/CTSG/TMSB4X/LYZ/RHOG/ORM1/FGG/ORM2/ACTN1/SERPING1/ALB/ACTN4/MAPK14/CLU/VAMP3/AP1M1/TF/JUP/TXNDC5/SERPINA1/FGB/FTL/AHSG/PLG/IQGAP1/STX7/CST3/ARPC5/HP/DYNLT1/SLC44A2/APOA1/ARG1/CD44/COMMD3/FGA/SERPINA3/RAB6A/CTSC/APOH/DDX3X/MYH9/A2M/AMPD3/ATP6V1A/CPNE3/VAT1/FN1/A1BG/GNAI2/ACTR2/MIF/C3/HSP90AA1/HSPA1A/GSN/KNG1/S100A11/CTSZ/MME/LAMP2/CCT8/GYG1/PSMD6/CD36/SCCPDH/PGRMC1/DBNL/RAB18/DYNC1H1/RAC1/RAP1A/RAB5C/TUBB/SERPINA4
BP,GO:0002376,immune system process,309,0.38333244627498864,1.570038902950063,2.410450467299282e-4,0.010096620778331782,0.008773786810308236,416,"tags=31%, list=20%, signal=30%",LTF/RPL30/ANXA1/THY1/VIM/IGHA1/CTSG/APOD/LYZ/KRT6A/IGKV3D-11/ORM1/FBN1/ARL8B/ORM2/IGKV4-1/CD34/NDRG1/KRT16/SERPING1/HPX/SFXN1/IGHM/C4A/PPT1/IGKC/MAPK14/CLU/AKAP1/PDE12/VAMP3/PIP/TF/PTMS/FGB/HMGB2/PLG/STX7/HP/APOA1/ARG1/IGHG2/PRKDC/CD44/VTN/IGKV2D-28/PPP6C/FGA/RAB6A/RPS17/MSN/IGHG3/CTSC/DDX3X/MYH9/A2M/ASS1/AMBP/TMEM43/IGHG1/FN1/A1BG/C9/APCS/ACTR2/MIF/FLOT1/C3/APOA4/HSP90AA1/HSPA1A/GSN/KNG1/MAP2K1/LAMP2/ACTB/CFH/PRMT1/PPIB/PCYT1A/DCD/IL18/EIF2B2/CD36/OTUB1/PPP2CA/SPPL2A/LGALS1/DBNL/APOA2/RAC1/HPRT1/TUBB/RBP4/ENDOD1/MCU/HMGB1
BP,GO:0003231,cardiac ventricle development,14,0.7826645624423814,1.895767481174694,2.6825362423577866e-4,0.010257171474068063,0.008913302555978298,48,"tags=43%, list=2%, signal=42%",MYH6/MYL3/MYL2/DSP/TNNI1/TNNC1
CC,GO:0070161,anchoring junction,226,0.3932958011331791,1.5686124154235335,2.6514535814391854e-4,0.010257171474068063,0.008913302555978298,395,"tags=27%, list=19%, signal=25%",ACTC1/RPL30/SMPX/ANXA1/THY1/VIM/ATP2A2/DSP/XIRP1/NRAP/CORO1C/POLDIP2/RHOG/CSRP1/MARCKS/NDRG1/FLII/ACTN1/CNN3/ACTN4/RPS3A/JUP/TPM4/ARPC5L/IQGAP1/ARPC5/HSPB1/CD44/HSP90B1/RPS17/ACTN3/MSN/XIRP2/FLNA/YWHAQ/NEXN/MYH9/ARPC2/CPNE3/ACTR2/FLOT1/DBN1/HSPA1A/RPL8/GSN/FLNC/RPLP2/S100A11/MME/MAP2K1/RPS8/ACTB/PPIB/PDLIM1/CLTC/MYH1/DBNL/RPL27/MAPRE1/VAMP5/RAC1/RAP1A
BP,GO:0051146,striated muscle cell differentiation,85,0.49727404433409156,1.7983982521647768,2.815476888278296e-4,0.010625682905632115,0.009233532542692595,283,"tags=24%, list=13%, signal=21%",MYH6/MYBPH/ACTC1/MYH3/MYL2/CSRP3/NRAP/YBX1/CSRP1/RPL3L/FLII/KLHL40/MAPK14/MYOM3/KLHL41/ACTN3/MYH9/FLOT1/TNNT1/FLNC
BP,GO:0030239,myofibril assembly,46,0.5835137655423297,1.888673365944547,2.90513118489052e-4,0.010823475927297245,0.009405411218019378,112,"tags=22%, list=5%, signal=21%",MYH6/MYBPH/ACTC1/MYH3/MYL2/CSRP3/NRAP/CSRP1/FLII/MYOM3
BP,GO:0003015,heart process,57,0.5344939612711829,1.7995303560361091,3.074949999027465e-4,0.010863853956989107,0.009440499019385254,279,"tags=32%, list=13%, signal=28%",MYH6/ACTC1/MYL3/MYL2/CSRP3/ATP2A2/DSP/TNNI1/TNNC1/HSPB7/ATP1A1/JUP/AGT/CASQ2/FLNA/SUMO1/HSP90AA1/GSN
BP,GO:0060047,heart contraction,57,0.5344939612711829,1.7995303560361091,3.074949999027465e-4,0.010863853956989107,0.009440499019385254,279,"tags=32%, list=13%, signal=28%",MYH6/ACTC1/MYL3/MYL2/CSRP3/ATP2A2/DSP/TNNI1/TNNC1/HSPB7/ATP1A1/JUP/AGT/CASQ2/FLNA/SUMO1/HSP90AA1/GSN
CC,GO:0043292,contractile muscle fiber,149,0.4405818297258909,1.6995178567293248,3.042806986403671e-4,0.010863853956989107,0.009440499019385254,283,"tags=26%, list=13%, signal=24%",MYH4/MYH6/MYBPH/ACTC1/MYH3/SMPX/MYL6B/MYL3/MYL2/CSRP3/ANKRD2/NRAP/CORO1C/TNNI1/TNNC1/CRYAB/CSRP1/ACTN1/KLHL40/ACTN4/MYOM3/TPM3/JUP/TPM4/DNAJB4/HSPB1/KLHL41/DNAJB6/LMAN1/CASQ2/ACTN3/XIRP2/FLNA/NEXN/MYOT/CALD1/TNNT1/FLNC
BP,GO:0098542,defense response to other organism,169,0.41900333052034255,1.6288045791513421,3.1028901528909014e-4,0.010863853956989107,0.009440499019385254,357,"tags=31%, list=17%, signal=28%",LTF/RPL30/ANXA1/BNIP3/VIM/IGHA1/CTSG/LYZ/KRT6A/ARL8B/KRT16/SERPING1/HPX/IGHM/C4A/PPT1/CLU/AKAP1/PDE12/VAMP3/TF/FGB/HMGB2/HP/ARG1/IGHG2/PRKDC/PPP6C/FGA/IGHG3/DDX3X/A2M/ASS1/TMEM43/IGHG1/C9/APCS/ACTR2/MIF/FLOT1/C3/APOA4/HSP90AA1/HSPA1A/GSN/KNG1/LAMP2/CFH/DCD/IL18/CD36/PPP2CA/NDUFAF4
CC,GO:0099503,secretory vesicle,276,0.3818409722636946,1.5566707309525838,2.982526997222344e-4,0.010863853956989107,0.009440499019385254,432,"tags=32%, list=20%, signal=29%",CREG1/LTF/DSP/CTSG/TMSB4X/LYZ/RHOG/ORM1/FGG/ORM2/ACTN1/SERPING1/ALB/PPT1/ACTN4/MAPK14/CLU/DPYSL3/VAMP3/AP1M1/TF/JUP/TXNDC5/SERPINA1/FGB/FTL/AHSG/PLG/IQGAP1/STX7/CST3/ARPC5/HP/DYNLT1/SLC44A2/UBE3A/APOA1/ARG1/CD44/COMMD3/FGA/SERPINA3/RAB6A/CTSC/APOH/DDX3X/MYH9/A2M/AMPD3/ATP6V1A/ARPC2/CPNE3/VAT1/FN1/A1BG/GNAI2/ACTR2/MIF/C3/HSP90AA1/HSPA1A/GSN/KNG1/S100A11/CTSZ/MME/LAMP2/CCT8/GYG1/PSMD6/CD36/SCCPDH/PGRMC1/DBNL/RAB18/DYNC1H1/RAC1/RAP1A/RAB5C/TUBB/SERPINA4/HMGB1/RAB12/CTSB/VPS45/CALR/AP1B1
BP,GO:0002026,regulation of the force of heart contraction,15,0.7623739820899169,1.8849389743997251,3.499025123880064e-4,0.012104960726185079,0.010518999087955231,94,"tags=40%, list=4%, signal=38%",MYH6/MYL3/MYL2/CSRP3/ATP2A2/ATP1A1
BP,GO:0045103,intermediate filament-based process,19,0.7223183513977146,1.938935281484797,3.8133785864179437e-4,0.01303726843780064,0.011329158178101111,177,"tags=42%, list=8%, signal=39%",VIM/DSP/KRT6A/KRT16/KRT6B/NES/DNAJB6/KRT14
BP,GO:0048646,anatomical structure formation involved in morphogenesis,156,0.42429364456294916,1.6414132402370634,4.0564500706346065e-4,0.013707027796818797,0.011911167343271018,344,"tags=26%, list=16%, signal=24%",MYH6/MYBPH/ACTC1/MYH3/IGFBP7/ANXA1/MYL2/THY1/CSRP3/NRAP/APOD/HSPB6/CSRP1/CD34/FLII/ACTN1/MAPK14/MYOM3/JUP/TPM4/GLUL/HSPB1/KLHL41/PRKDC/VTN/MFN2/APOH/FLNA/MYH9/FN1/FLOT1/C3/CALD1/TNNT1/FLNC/SERPINF1/MAP2K1/CFL2/IL18/COL18A1/CD36
CC,GO:0030016,myofibril,147,0.4372496877667413,1.6826737412143251,4.3455591198193164e-4,0.01451516643930452,0.012613425684750806,283,"tags=25%, list=13%, signal=23%",MYH4/MYH6/MYBPH/ACTC1/MYH3/SMPX/MYL3/MYL2/CSRP3/ANKRD2/NRAP/CORO1C/TNNI1/TNNC1/CRYAB/CSRP1/ACTN1/KLHL40/ACTN4/MYOM3/TPM3/JUP/TPM4/DNAJB4/HSPB1/KLHL41/DNAJB6/LMAN1/CASQ2/ACTN3/XIRP2/FLNA/NEXN/MYOT/CALD1/TNNT1/FLNC
MF,GO:0140677,molecular function activator activity,119,0.4446283029025478,1.6553882935617636,4.4703731508585444e-4,0.014762391336812421,0.012828259795346469,440,"tags=35%, list=21%, signal=30%",LTF/IGFBP7/THY1/NAMPT/S100A4/CTSG/FBN1/ARHGDIB/CLU/HSPB2/AGT/HMGB2/AHSA1/IQGAP1/DNAJB4/TBC1D4/APOA1/DNAJB6/CTSC/APOH/DDX3X/TOR1AIP1/FN1/MIF/C3/APOA4/PDCD5/HSPA1A/KNG1/TIPRL/MAP2K1/PSME2/IL18/LGALS1/DBNL/APOA2/RANBP1/RPS27L/DNAJA2/HMGB1/PCNA/LGALS3
BP,GO:0006954,inflammatory response,100,0.47595621473479477,1.7540979014183269,4.5614875232885993e-4,0.014894025553569291,0.012942647626693494,369,"tags=38%, list=17%, signal=33%",ANXA1/CSRP3/TMSB4X/APOD/LYZ/ORM1/ORM2/KRT16/C4A/HNRNPA0/MAPK14/CLU/SERPINA1/AGT/AHSG/HMGB2/APOL2/HP/APOA1/CD44/APIP/SERPINA3/CTSC/DDX3X/A2M/ASS1/IGHG1/FN1/APCS/MIF/C3/KNG1/MGLL/LAMP2/IL18/CD36/PPP2CA/LGALS1
BP,GO:0002460,adaptive immune response based on somatic recombination of immune receptors built from immunoglobulin superfamily domains,37,0.6043668811036274,1.881028002791083,4.8449387731398953e-4,0.015643768971938376,0.013594161540073226,416,"tags=57%, list=20%, signal=46%",ANXA1/IGHA1/SERPING1/HPX/IGHM/C4A/IGKC/CLU/STX7/ARG1/IGHG2/IGHG3/CTSC/IGHG1/C9/C3/PCYT1A/IL18/LGALS1/HPRT1/HMGB1
CC,GO:0005882,intermediate filament,27,0.661594451594112,1.9266940779576442,5.133401610112189e-4,0.016393038548336288,0.014245263693070147,211,"tags=33%, list=10%, signal=30%",VIM/DSP/KRT6A/KRT16/KRT6B/JUP/NES/KRT14/LMNB1
BP,GO:0045104,intermediate filament cytoskeleton organization,18,0.7234056460437249,1.9170791104210374,5.56545512420393e-4,0.017205545309507044,0.014951317853264534,177,"tags=44%, list=8%, signal=41%",VIM/DSP/KRT6A/KRT16/KRT6B/NES/DNAJB6/KRT14
BP,GO:1903522,regulation of blood circulation,49,0.566392160286397,1.857067471006159,5.508572013240489e-4,0.017205545309507044,0.014951317853264534,275,"tags=35%, list=13%, signal=31%",MYH6/MYL3/MYL2/CSRP3/ATP2A2/DSP/HSPB7/FGG/ATP1A1/JUP/FGB/AGT/CASQ2/FGA/FLNA/SUMO1/HSP90AA1
BP,GO:0019731,antibacterial humoral response,14,0.7664558372808832,1.856506761388715,5.469141131697581e-4,0.017205545309507044,0.014951317853264534,249,"tags=71%, list=12%, signal=63%",LTF/IGHA1/CTSG/IGHM/TF/FGB/IGHG2/FGA/IGHG3/IGHG1
BP,GO:0055002,striated muscle cell development,66,0.510481552051615,1.7621811547863337,5.74022037562621e-4,0.017559032012178698,0.015258491613437427,112,"tags=17%, list=5%, signal=16%",MYH6/MYBPH/ACTC1/MYH3/MYL2/CSRP3/NRAP/CSRP1/FLII/KLHL40/MYOM3
BP,GO:0055006,cardiac cell development,21,0.6901129818249193,1.9260323994673036,6.300194937862601e-4,0.01887460462827703,0.01640170120014366,40,"tags=24%, list=2%, signal=24%",MYH6/ACTC1/MYL2/CSRP3/NRAP
BP,GO:0055013,cardiac muscle cell development,21,0.6901129818249193,1.9260323994673036,6.300194937862601e-4,0.01887460462827703,0.01640170120014366,40,"tags=24%, list=2%, signal=24%",MYH6/ACTC1/MYL2/CSRP3/NRAP
BP,GO:0006941,striated muscle contraction,67,0.5158727846313356,1.7834739512751656,6.495621112379593e-4,0.019132334870738527,0.01662566427170708,279,"tags=31%, list=13%, signal=28%",MYH6/MYBPH/MYH3/SMPX/MYL3/MYL2/CSRP3/ATP2A2/DSP/TNNI1/TNNC1/ATP1A1/JUP/KLHL41/CASQ2/ACTN3/FLNA/SUMO1/HSP90AA1/TNNT1/GSN
BP,GO:0022904,respiratory electron transport chain,72,-0.4274025959749856,-1.7671883780470592,6.517897977299086e-4,0.019132334870738527,0.01662566427170708,763,"tags=58%, list=36%, signal=39%",NDUFA9/NDUFS3/NDUFS4/NDUFV1/COX6A2/MDH1/DLD/NDUFB3/NDUFV2/COX6C/NDUFS7/SOD2/MDH2/NDUFA12/NDUFA6/COQ9/NDUFS1/NDUFS8/COX4I1/ETFB/COX7A2L/NDUFB10/UQCRFS1/COX5A/SLC25A12/UQCR11/NDUFB8/NDUFC2/NDUFC1/NDUFA3/NDUFB5/COX7A2/NDUFA2/UQCRQ/NDUFA4/NDUFB1/NDUFB4/GPD2/COX7A1/GPD1/UQCR10/SNCA
BP,GO:0046365,monosaccharide catabolic process,22,-0.6424175174621236,-1.9866010433554895,6.598842340323367e-4,0.019176235840979702,0.01666381344677448,343,"tags=64%, list=16%, signal=54%",PKM/PGAM2/TPI1/ENO3/GALK1/TIGAR/PGK1/PGM1/ENO2/PFKL/PFKM/NUDT5/GALT/PFKFB2
MF,GO:0008092,cytoskeletal protein binding,260,0.3751594162537016,1.5191065594659907,6.876037859305492e-4,0.019783926751625505,0.01719188621623124,283,"tags=23%, list=13%, signal=23%",MYH4/MYH6/ACTC1/MYH3/MYL3/MYL2/CSRP3/TBCB/XIRP1/S100A4/TMSB4X/NRAP/CORO1C/TNNI1/TNNC1/CRYAB/CSRP1/ARL8B/MARCKS/HSPB7/GC/NDRG1/FLII/DSTN/ACTN1/CNN3/ACTN4/CLU/DPYSL3/PIP/TPM3/TPM4/ARPC5L/CACYBP/TMSB10/IQGAP1/ARPC5/TAGLN2/RAB6A/ACTN3/MSN/CCT5/XIRP2/MSRB2/FLNA/NEXN/DDX3X/MYH9/ARPC2/TOR1AIP1/MYOT/ACTR2/CALD1/PDCD5/DBN1/HSP90AA1/TNNT1/GSN/CORO6/FLNC
BP,GO:0050830,defense response to Gram-positive bacterium,11,0.8005311302883253,1.8659167748778207,7.079478820278791e-4,0.019973752865757446,0.01735684178829721,344,"tags=73%, list=16%, signal=61%",LTF/CTSG/LYZ/KRT6A/HMGB2/DCD/IL18/CD36
BP,GO:0072526,pyridine-containing compound catabolic process,38,-0.522260734562964,-1.8199326431399983,7.054961120218144e-4,0.019973752865757446,0.01735684178829721,532,"tags=55%, list=25%, signal=42%",ALDOA/LDHA/PKM/PNP/GAPDH/PGAM2/PRKAA1/TPI1/ENO3/GALK1/TIGAR/PGK1/PGM1/ENO2/PFKL/PFKM/GPD1/BPGM/PFKFB2/SLC4A1/ALDOC
BP,GO:0009605,response to external stimulus,292,0.3651919662735299,1.4917116570517828,7.164097894343688e-4,0.020018142770156497,0.01739541583859363,357,"tags=26%, list=17%, signal=25%",LTF/RPL30/ANXA1/BNIP3/CSRP3/VIM/IGHA1/S100A4/CTSG/TMSB4X/LYZ/RHOG/KRT6A/ARL8B/FGG/KRT16/SERPING1/SERPINC1/HPX/IGHM/C4A/PPT1/HNRNPA0/MAPK14/CLU/AKAP1/PDE12/VAMP3/AP1M1/TF/JUP/FGB/AGT/AHSG/HMGB2/PLG/HP/HSPB1/APOA1/ARG1/IGHG2/PRKDC/VTN/PPP6C/FGA/CCT5/IGHG3/CTSC/APOH/FLNA/DDX3X/A2M/ASS1/TMEM43/IGHG1/C9/APCS/ACTR2/MIF/FLOT1/C3/APOA4/COMT/HSP90AA1/HSPA1A/GSN/KNG1/MGLL/MAP2K1/LAMP2/CFH/PPIB/DCD/IL18/CD36/PPP2CA/NDUFAF4
BP,GO:0031589,cell-substrate adhesion,69,0.4967165582666856,1.7209159194248325,7.578443004685978e-4,0.020974243211064243,0.01822625039422723,256,"tags=33%, list=12%, signal=30%",THY1/APOD/CORO1C/POLDIP2/FGG/CD34/ACTN1/ACTN4/VAMP3/JUP/FGB/PLG/TNXB/S100A10/APOA1/CD44/VTN/FGA/ACTN3/FLNA/ARPC2/FN1/HSD17B12
BP,GO:0045109,intermediate filament organization,15,0.748415653449811,1.8504275688568843,8.19975339739911e-4,0.022479701295133787,0.019534467130447333,177,"tags=47%, list=8%, signal=43%",VIM/DSP/KRT6A/KRT16/KRT6B/DNAJB6/KRT14
BP,GO:0007599,hemostasis,48,0.5534312773014818,1.8087671441595066,8.328729163463511e-4,0.022619894344883144,0.01965629243792323,344,"tags=44%, list=16%, signal=37%",CTSG/CSRP1/FGG/SERPING1/SERPINC1/CLIC1/MAPK14/SERPINA1/FGB/PLG/HSPB1/LMAN1/VTN/FGA/APOH/FLNA/MYH9/KNG1/FUNDC2/ACTB/CD36
MF,GO:1901681,sulfur compound binding,54,0.5387243708238297,1.8054955728438065,8.890606141213971e-4,0.022863806589706017,0.019868247911292332,384,"tags=39%, list=18%, signal=33%",LTF/CTSG/FBN1/CD34/SERPINC1/TPMT/DPYSL3/TNXB/VTN/APOH/TKT/AMBP/FN1/HSD17B12/PDCD5/KNG1/CFH/PRMT1/SOD3/GSS/ECI2
BP,GO:0009137,purine nucleoside diphosphate catabolic process,38,-0.5156185808704975,-1.7967865945752173,8.777912932520313e-4,0.022863806589706017,0.019868247911292332,532,"tags=53%, list=25%, signal=40%",ALDOA/LDHA/PKM/GAPDH/PGAM2/PRKAA1/TPI1/ENO3/GALK1/TIGAR/PGK1/PGM1/ENO2/PFKL/PFKM/GPD1/BPGM/PFKFB2/SLC4A1/ALDOC
BP,GO:0009181,purine ribonucleoside diphosphate catabolic process,38,-0.5156185808704975,-1.7967865945752173,8.777912932520313e-4,0.022863806589706017,0.019868247911292332,532,"tags=53%, list=25%, signal=40%",ALDOA/LDHA/PKM/GAPDH/PGAM2/PRKAA1/TPI1/ENO3/GALK1/TIGAR/PGK1/PGM1/ENO2/PFKL/PFKM/GPD1/BPGM/PFKFB2/SLC4A1/ALDOC
BP,GO:0046032,ADP catabolic process,38,-0.5156185808704975,-1.7967865945752173,8.777912932520313e-4,0.022863806589706017,0.019868247911292332,532,"tags=53%, list=25%, signal=40%",ALDOA/LDHA/PKM/GAPDH/PGAM2/PRKAA1/TPI1/ENO3/GALK1/TIGAR/PGK1/PGM1/ENO2/PFKL/PFKM/GPD1/BPGM/PFKFB2/SLC4A1/ALDOC
BP,GO:0022900,electron transport chain,73,-0.4129349529330527,-1.7097579213982483,8.546968282103386e-4,0.022863806589706017,0.019868247911292332,763,"tags=58%, list=36%, signal=38%",NDUFA9/NDUFS3/NDUFS4/NDUFV1/COX6A2/MDH1/DLD/NDUFB3/NDUFV2/COX6C/NDUFS7/SOD2/MDH2/NDUFA12/NDUFA6/COQ9/NDUFS1/NDUFS8/COX4I1/ETFB/COX7A2L/NDUFB10/UQCRFS1/COX5A/SLC25A12/UQCR11/NDUFB8/NDUFC2/NDUFC1/NDUFA3/NDUFB5/COX7A2/NDUFA2/UQCRQ/NDUFA4/NDUFB1/NDUFB4/GPD2/COX7A1/GPD1/UQCR10/SNCA
BP,GO:0009888,tissue development,262,0.37711378085342856,1.527739611465651,8.840953517877631e-4,0.022863806589706017,0.019868247911292332,265,"tags=21%, list=13%, signal=21%",MYH6/MUSTN1/ACTC1/LTF/COL1A2/MYL6B/ANXA1/MYL3/MYL2/CSRP3/VIM/ATP2A2/DSP/S100A4/NRAP/CORO1C/TNNI1/TNNC1/KRT6A/TSG101/YBX1/CSRP1/MARCKS/BGN/RPL3L/CD34/KLHL40/KRT16/CNN3/MAPK14/SERPINH1/KRT6B/AGT/AHSG/AKR1C3/TNXB/IQGAP1/HSD17B4/KLHL41/TAGLN2/KRT14/PRKDC/MYL6/CD44/VTN/CBR1/ACTN3/MSN/XIRP2/FLNA/MYH9/ALDH1A2/ASPN/FN1/FLOT1/C3
BP,GO:0035051,cardiocyte differentiation,26,0.6400006867332504,1.8439381120644822,9.08483580692771e-4,0.023158362153449057,0.020124211542769693,40,"tags=19%, list=2%, signal=19%",MYH6/ACTC1/MYL2/CSRP3/NRAP
BP,GO:0060048,cardiac muscle contraction,44,0.560226551609309,1.8158445148283144,9.232605032851373e-4,0.023330391500405293,0.020273702035524435,279,"tags=34%, list=13%, signal=30%",MYH6/MYL3/MYL2/CSRP3/ATP2A2/DSP/TNNI1/TNNC1/ATP1A1/JUP/CASQ2/FLNA/SUMO1/HSP90AA1/GSN
MF,GO:0044877,protein-containing complex binding,275,0.36767383503090356,1.4979892998748323,9.339659074493739e-4,0.023397456267654146,0.02033198014492784,442,"tags=30%, list=21%, signal=27%",MYH4/MYH6/MYH3/THY1/XIRP1/NRAP/CORO1C/TNNC1/TSG101/CRYAB/FBN1/MARCKS/FLII/DSTN/SRP9/ACTN1/CNN3/C4A/ACTN4/CLU/SERPINH1/UCHL1/PIP/TPM3/TPM4/ARPC5L/HP1BP3/TNXB/APOL2/IQGAP1/ARPC5/APOA1/TAGLN2/CD44/VTN/ACTN3/SERBP1/XIRP2/FLNA/NEXN/DDX3X/MYH9/AMBP/ARPC2/GNB1/IGHG1/FN1/HSD17B12/GNAI2/APCS/ACTR2/HSP90AA1/GSN/CORO6/FLNC/TWF2/ACTB/PRMT1/PPIB/CFL2/FBL/CD36/CAPZA1/MYH1/GCLM/LUM/DBNL/APOA2/SGTA/RAC1/RAP1A/TUBB/BCKDHB/MYL4/RCSD1/HMGB1/MYH7/CTSB/CALR/PCNA/LGALS3/EDF1
MF,GO:0008201,heparin binding,25,0.6639625979891928,1.899269891011015,0.0010583892062208037,0.024028742447481686,0.02088055679049102,488,"tags=64%, list=23%, signal=50%",LTF/CTSG/FBN1/SERPINC1/TNXB/VTN/APOH/FN1/HSD17B12/PDCD5/KNG1/CFH/SOD3/APOB/RPL22/LRPAP1
BP,GO:0009134,nucleoside diphosphate catabolic process,39,-0.5255796868147997,-1.8349055042324303,0.00099925890750196685,0.024028742447481686,0.02088055679049102,532,"tags=54%, list=25%, signal=41%",ALDOA/LDHA/PKM/GAPDH/PGAM2/PRKAA1/TPI1/ENO3/GALK1/TIGAR/PGK1/PGM1/ENO2/PFKL/PFKM/NUDT5/GPD1/BPGM/PFKFB2/SLC4A1/ALDOC
BP,GO:0009191,ribonucleoside diphosphate catabolic process,39,-0.5255796868147997,-1.8349055042324303,0.00099925890750196685,0.024028742447481686,0.02088055679049102,532,"tags=54%, list=25%, signal=41%",ALDOA/LDHA/PKM/GAPDH/PGAM2/PRKAA1/TPI1/ENO3/GALK1/TIGAR/PGK1/PGM1/ENO2/PFKL/PFKM/NUDT5/GPD1/BPGM/PFKFB2/SLC4A1/ALDOC
BP,GO:0045596,negative regulation of cell differentiation,50,0.5532498911554862,1.828376804904837,0.0010350996631685084,0.024028742447481686,0.02088055679049102,436,"tags=42%, list=21%, signal=34%",LTF/ANXA1/THY1/CSRP3/ANKRD2/TMSB4X/YBX1/FBN1/RPL3L/DYNLT1/APCS/DNAJB11/ACTB/PRMT1/IL18/PPP2CA/LGALS1/PTBP1/HMGB1/CALR/DDX6
BP,GO:0009166,nucleotide catabolic process,50,-0.4768058653737086,-1.820849029413333,9.707016237724838e-4,0.024028742447481686,0.02088055679049102,532,"tags=46%, list=25%, signal=35%",ALDOA/LDHA/PKM/PNP/GAPDH/PGAM2/PRKAA1/TPI1/ENO3/GALK1/TIGAR/ITPA/PGK1/PGM1/ENO2/PFKL/PFKM/GPD1/BPGM/TYMP/PFKFB2/SLC4A1/ALDOC
BP,GO:0007596,blood coagulation,47,0.5580975385515266,1.8154447150587627,0.001017949430618961,0.024028742447481686,0.02088055679049102,344,"tags=45%, list=16%, signal=38%",CTSG/CSRP1/FGG/SERPING1/SERPINC1/CLIC1/MAPK14/SERPINA1/FGB/PLG/HSPB1/LMAN1/VTN/FGA/APOH/FLNA/MYH9/KNG1/FUNDC2/ACTB/CD36
BP,GO:0050817,coagulation,47,0.5580975385515266,1.8154447150587627,0.001017949430618961,0.024028742447481686,0.02088055679049102,344,"tags=45%, list=16%, signal=38%",CTSG/CSRP1/FGG/SERPING1/SERPINC1/CLIC1/MAPK14/SERPINA1/FGB/PLG/HSPB1/LMAN1/VTN/FGA/APOH/FLNA/MYH9/KNG1/FUNDC2/ACTB/CD36
BP,GO:0000041,transition metal ion transport,17,0.6986176653884795,1.802156245374607,0.0010244882404086,0.024028742447481686,0.02088055679049102,229,"tags=35%, list=11%, signal=32%",LTF/HPX/SFXN1/TF/FTL/CP
CC,GO:0099513,polymeric cytoskeletal fiber,151,0.4140883734724232,1.5982202985568168,0.0010000484009009807,0.024028742447481686,0.02088055679049102,410,"tags=30%, list=19%, signal=26%",ACTC1/POTEE/ANXA1/TBCB/VIM/DSP/TUBB4A/KRT6A/NDRG1/ACTN1/KRT16/TUBA1B/DPYSL3/POTEF/KRT6B/TPM3/JUP/TPM4/IQGAP1/DYNLT1/NES/DYNC1I2/KRT14/ACTN3/LMNB1/CCT5/TUBB2A/FLNA/CHMP4B/CCT3/CCT7/TWF2/ACTB/SMTNL1/CCT8/DPYSL2/DYNLRB1/PDLIM1/CLTC/DYNC1H1/MAPRE1/RAC1/KRT5/TUBB/KRT17/RCSD1
CC,GO:0005925,focal adhesion,175,0.4037716428498307,1.575348736502781,0.001043986811871233,0.024028742447481686,0.02088055679049102,471,"tags=33%, list=22%, signal=28%",ACTC1/RPL30/ANXA1/THY1/VIM/XIRP1/CORO1C/RHOG/CSRP1/MARCKS/FLII/ACTN1/CNN3/ACTN4/RPS3A/JUP/TPM4/ARPC5L/IQGAP1/ARPC5/HSPB1/CD44/HSP90B1/RPS17/ACTN3/MSN/XIRP2/FLNA/YWHAQ/NEXN/MYH9/ARPC2/CPNE3/ACTR2/FLOT1/HSPA1A/RPL8/GSN/FLNC/RPLP2/MME/MAP2K1/RPS8/ACTB/PPIB/PDLIM1/CLTC/RPL27/MAPRE1/RAC1/RPS18/CALR/FHL1/FHL3/SORBS1/RPL22/RPL13A/PGM5
BP,GO:0043207,response to external biotic stimulus,212,0.3826607110939103,1.5162913000262028,0.0010542156159926935,0.024028742447481686,0.02088055679049102,357,"tags=27%, list=17%, signal=25%",LTF/RPL30/ANXA1/BNIP3/VIM/IGHA1/CTSG/LYZ/KRT6A/ARL8B/KRT16/SERPING1/HPX/IGHM/C4A/PPT1/HNRNPA0/MAPK14/CLU/AKAP1/PDE12/VAMP3/TF/FGB/HMGB2/HP/HSPB1/ARG1/IGHG2/PRKDC/PPP6C/FGA/CCT5/IGHG3/DDX3X/A2M/ASS1/TMEM43/IGHG1/C9/APCS/ACTR2/MIF/FLOT1/C3/APOA4/HSP90AA1/HSPA1A/GSN/KNG1/LAMP2/CFH/DCD/IL18/CD36/PPP2CA/NDUFAF4
BP,GO:0051707,response to other organism,212,0.3826607110939103,1.5162913000262028,0.0010542156159926935,0.024028742447481686,0.02088055679049102,357,"tags=27%, list=17%, signal=25%",LTF/RPL30/ANXA1/BNIP3/VIM/IGHA1/CTSG/LYZ/KRT6A/ARL8B/KRT16/SERPING1/HPX/IGHM/C4A/PPT1/HNRNPA0/MAPK14/CLU/AKAP1/PDE12/VAMP3/TF/FGB/HMGB2/HP/HSPB1/ARG1/IGHG2/PRKDC/PPP6C/FGA/CCT5/IGHG3/DDX3X/A2M/ASS1/TMEM43/IGHG1/C9/APCS/ACTR2/MIF/FLOT1/C3/APOA4/HSP90AA1/HSPA1A/GSN/KNG1/LAMP2/CFH/DCD/IL18/CD36/PPP2CA/NDUFAF4
BP,GO:0009887,animal organ morphogenesis,81,0.47668946302159443,1.705228692339014,0.0011460007516099196,0.025816109954871522,0.022433747883412458,244,"tags=27%, list=12%, signal=25%",MYH6/ACTC1/LTF/COL1A2/MYL3/MYL2/THY1/DSP/TNNI1/TNNC1/FBN1/CD34/MAPK14/SERPINH1/AGT/MFN2/ACTN3/MSN/XIRP2/FLNA/ALDH1A2/ASPN
BP,GO:0006090,pyruvate metabolic process,51,-0.48271758869286807,-1.8505223917493339,0.0011768980091475985,0.02630819703525324,0.022861362946923796,532,"tags=49%, list=25%, signal=38%",ALDOA/PDHX/LDHA/PKM/FAHD1/GAPDH/PGAM2/PDHB/PRKAA1/TPI1/ENO3/GALK1/TIGAR/DLAT/PGK1/PGM1/ENO2/PFKL/PFKM/GPD1/BPGM/PFKFB2/SLC4A1/PDK4/ALDOC
BP,GO:0070252,actin-mediated cell contraction,36,0.5846334281653521,1.8139344163851308,0.0012538015772068911,0.027689438369039875,0.024061637500389997,279,"tags=39%, list=13%, signal=34%",MYH4/MYH6/ACTC1/MYH3/MYL6B/ATP2A2/DSP/TNNC1/ATP1A1/JUP/MYL6/FLNA/SUMO1/GSN
BP,GO:1901292,nucleoside phosphate catabolic process,56,-0.45787849635318734,-1.8135165515122378,0.0012855107724631467,0.027689438369039875,0.024061637500389997,480,"tags=43%, list=23%, signal=34%",ALDOA/LDHA/PKM/PNP/GAPDH/PGAM2/PRKAA1/TPI1/ENO3/GALK1/TIGAR/ITPA/PGK1/PGM1/ENO2/PFKL/PFKM/NUDT5/GPD1/BPGM/TYMP/PFKFB2/SLC4A1/ALDOC
BP,GO:0055008,cardiac muscle tissue morphogenesis,14,0.7467640345481666,1.8088093427782495,0.0012863297246456927,0.027689438369039875,0.024061637500389997,48,"tags=50%, list=2%, signal=49%",MYH6/ACTC1/MYL3/MYL2/DSP/TNNI1/TNNC1
BP,GO:0060415,muscle tissue morphogenesis,14,0.7467640345481666,1.8088093427782495,0.0012863297246456927,0.027689438369039875,0.024061637500389997,48,"tags=50%, list=2%, signal=49%",MYH6/ACTC1/MYL3/MYL2/DSP/TNNI1/TNNC1
MF,GO:0051082,unfolded protein binding,61,0.5228277766472069,1.78532247299484,0.0012695121112858922,0.027689438369039875,0.024061637500389997,518,"tags=46%, list=24%, signal=36%",HSPB6/DNAJA4/CRYAB/CLU/SERPINH1/HSPB2/DNAJB4/HSPB1/DNAJB6/LMAN1/HSP90B1/CCT5/APCS/DNAJB11/HSP90AA1/HSPA1A/CCT3/CCT7/CCT8/PPIB/DNAJA2/CDC37/CALR/CCT4/CCAR2/CCT2/HSP90AB1/PTGES3
BP,GO:0055007,cardiac muscle cell differentiation,24,0.65372273316168406,1.8480711841837427,0.0013209362055514508,0.02814790458719696,0.024460036622844027,40,"tags=21%, list=2%, signal=21%",MYH6/ACTC1/MYL2/CSRP3/NRAP
BP,GO:0006942,regulation of striated muscle contraction,32,0.5986832611602972,1.807412419668403,0.0013303950967795061,0.02814790458719696,0.024460036622844027,275,"tags=38%, list=13%, signal=33%",MYBPH/MYL3/MYL2/ATP2A2/DSP/TNNI1/ATP1A1/JUP/CASQ2/ACTN3/SUMO1/HSP90AA1
BP,GO:0006096,glycolytic process,37,-0.5177003477977341,-1.7957710246688097,0.0013463725869306185,0.02814790458719696,0.024460036622844027,532,"tags=54%, list=25%, signal=41%",ALDOA/LDHA/PKM/GAPDH/PGAM2/PRKAA1/TPI1/ENO3/GALK1/TIGAR/PGK1/PGM1/ENO2/PFKL/PFKM/GPD1/BPGM/PFKFB2/SLC4A1/ALDOC
BP,GO:0019364,pyridine nucleotide catabolic process,37,-0.5177003477977341,-1.7957710246688097,0.0013463725869306185,0.02814790458719696,0.024460036622844027,532,"tags=54%, list=25%, signal=41%",ALDOA/LDHA/PKM/GAPDH/PGAM2/PRKAA1/TPI1/ENO3/GALK1/TIGAR/PGK1/PGM1/ENO2/PFKL/PFKM/GPD1/BPGM/PFKFB2/SLC4A1/ALDOC
MF,GO:0051219,phosphoprotein binding,17,-0.6463635017610371,-1.8727236108512515,0.0013787469874419268,0.028469971374817268,0.024739907026546396,93,"tags=24%, list=4%, signal=23%",EPB41/CRKL/SNCA/NEDD4
BP,GO:0050878,regulation of body fluid levels,57,0.5045653046806602,1.6987667741203532,0.0013813716324326342,0.028469971374817268,0.024739907026546396,344,"tags=39%, list=16%, signal=33%",CTSG/CSRP1/FGG/SERPING1/SERPINC1/CLIC1/MAPK14/SERPINA1/FGB/PLG/HSPB1/LMAN1/VTN/FGA/APOH/FLNA/MYH9/GNAI2/KNG1/FUNDC2/ACTB/CD36
BP,GO:0030216,keratinocyte differentiation,25,0.6517845055566229,1.8644343681108149,0.0015073867910390876,0.030848352216616824,0.026806678366959016,405,"tags=48%, list=19%, signal=39%",ANXA1/DSP/KRT6A/TSG101/KRT16/KRT6B/AKR1C3/KRT14/FLG/MAP2K1/KRT5/KRT17
BP,GO:0019320,hexose catabolic process,20,-0.6411475111985888,-1.9256549896696271,0.0015777016184854017,0.03206154477845159,0.027860921477706874,480,"tags=65%, list=23%, signal=51%",PKM/PGAM2/TPI1/ENO3/GALK1/TIGAR/PGK1/PGM1/ENO2/PFKL/PFKM/GALT/PFKFB2
BP,GO:0098609,cell-cell adhesion,100,0.4547192485969047,1.6758307907436154,0.001613761042794571,0.03234199717490361,0.02810462970355119,343,"tags=32%, list=16%, signal=28%",ANXA1/THY1/DSP/CTSG/CSRP1/FGG/CD34/CNN3/CLIC1/MAPK14/JUP/FGB/PLG/TNXB/HSPB1/APOA1/ARG1/DNAJB6/CD44/FGA/MSN/FLNA/NEXN/MYH9/ASS1/MYOT/FLOT1/APOA4/S100A11/ACTB/IL18/PDLIM1
BP,GO:0010605,negative regulation of macromolecule metabolic process,320,0.346558779138721,1.4232920550751191,0.0016123272542121886,0.03234199717490361,0.02810462970355119,494,"tags=30%, list=23%, signal=27%",CREG1/LTF/ANXA1/THY1/ANKRD2/VIM/LMCD1/APOD/SRSF7/CORO1C/TSG101/MAGOH/YBX1/CRYAB/ORM1/APEX1/CD34/SRP9/KLHL40/SERPING1/SERPINC1/HNRNPA0/MAPK14/CLU/SERPINH1/PDE12/UCHL1/SERPINA7/SERPINA1/AGT/HMGB2/CST3/DNAJB4/HSPB1/APOA1/ARG1/DNAJB6/PRKDC/CD44/VTN/ITIH2/SRSF3/DEPTOR/FGA/SERPINA3/SERBP1/LMNB1/PAIP1/CBX3/FLNA/YWHAQ/DDX3X/A2M/AMBP/SUMO1/FN1/APCS/MIF/RPL10/HSPA1A/KNG1/S100A11/CTSZ/CAST/PRKAA2/SERPINF1/HNRNPA1/RBBP7/SMTNL1/CD36/OTUB1/CLTC/RALY/CNBP/APOA2/SGTA/PTBP1/RAC1/PPM1B/SERPINA4/PDCL3/HMGB1/CALR/PCNA/DDX6/SNX12/FASTKD2/CHORDC1/RPL13A/NSUN2/FABP4/ANXA2/CCAR2/HSP90AB1/HNRNPD
BP,GO:0042742,defense response to bacterium,34,0.5988605417221838,1.8294924808114839,0.0016540276738245606,0.032836344074826405,0.028534208510706902,344,"tags=53%, list=16%, signal=45%",LTF/RPL30/IGHA1/CTSG/LYZ/KRT6A/IGHM/TF/FGB/HMGB2/HP/IGHG2/FGA/IGHG3/IGHG1/DCD/IL18/CD36
BP,GO:0009617,response to bacterium,78,0.47327442182662,1.6788627139250447,0.0016610263520301038,0.032836344074826405,0.028534208510706902,344,"tags=32%, list=16%, signal=28%",LTF/RPL30/BNIP3/VIM/IGHA1/CTSG/LYZ/KRT6A/IGHM/HNRNPA0/MAPK14/TF/FGB/HMGB2/HP/IGHG2/FGA/IGHG3/ASS1/IGHG1/MIF/C3/DCD/IL18/CD36
BP,GO:0043588,skin development,36,0.5784211741560827,1.7946597379150635,0.0017466658134791724,0.03410356514268338,0.029635401447928936,518,"tags=50%, list=24%, signal=38%",COL1A2/ANXA1/DSP/KRT6A/TSG101/KRT16/KRT6B/JUP/AKR1C3/KRT14/FLG/MAP2K1/IL18/KRT5/KRT17/NSUN2/S100A7/PTGES3
BP,GO:0031032,actomyosin structure organization,75,0.47326457706704544,1.6641902139546958,0.0017485998645078537,0.03410356514268338,0.029635401447928936,171,"tags=20%, list=8%, signal=19%",MYH6/MYBPH/ACTC1/MYH3/MYL2/CSRP3/NRAP/CSRP1/FLII/CNN3/MYOM3/IQGAP1/S100A10/KLHL41/APOA1
BP,GO:0019730,antimicrobial humoral response,28,0.6178761488385518,1.8026089631981803,0.0018117679574852098,0.034737211011592405,0.030186028622019842,332,"tags=54%, list=16%, signal=46%",LTF/RPL30/IGHA1/CTSG/LYZ/KRT6A/IGHM/TF/FGB/IGHG2/FGA/IGHG3/IGHG1/KNG1/DCD
BP,GO:0016052,carbohydrate catabolic process,56,-0.4484248765061652,-1.7760736573802214,0.0018169497845017364,0.034737211011592405,0.030186028622019842,480,"tags=45%, list=23%, signal=35%",PKM/SCARB2/MAN2C1/GAPDH/PGAM2/PRKAA1/GAA/PYGM/TPI1/ENO3/GALK1/TIGAR/PGK1/PGM1/ENO2/PFKL/GPD2/PFKM/NUDT5/GPD1/GALT/BPGM/PFKFB2/SLC4A1/ALDOC
BP,GO:0009607,response to biotic stimulus,216,0.3774215686700443,1.495826564533778,0.0017984850567810179,0.034737211011592405,0.030186028622019842,357,"tags=26%, list=17%, signal=24%",LTF/RPL30/ANXA1/BNIP3/VIM/IGHA1/CTSG/LYZ/KRT6A/ARL8B/KRT16/SERPING1/HPX/IGHM/C4A/PPT1/HNRNPA0/MAPK14/CLU/AKAP1/PDE12/VAMP3/TF/FGB/HMGB2/HP/HSPB1/ARG1/IGHG2/PRKDC/PPP6C/FGA/CCT5/IGHG3/DDX3X/A2M/ASS1/TMEM43/IGHG1/C9/APCS/ACTR2/MIF/FLOT1/C3/APOA4/HSP90AA1/HSPA1A/GSN/KNG1/LAMP2/CFH/DCD/IL18/CD36/PPP2CA/NDUFAF4
MF,GO:0016772,"transferase activity, transferring phosphorus-containing groups",93,-0.373544180845779,-1.6054249079072072,0.0018404018557037806,0.03495560648807312,0.03037581047012982,423,"tags=38%, list=20%, signal=32%",PAK2/ALPK3/PKM/SEPHS2/OXSR1/AGK/PRKAA1/PRPS1/MAP2K4/CSNK2A1/PHKG1/RPS6KA3/GALK1/STK24/PAK1/PGK1/AK3/PIP4K2B/GPHN/PCYT2/AK1/MAP2K2/PFKL/PTK2/NEK7/PFKM/NUDT5/SPEG/TTN/PARP1/ART3/GALT/PFKFB2/PDK4/MYLK2
BP,GO:0072359,circulatory system development,155,0.4003436423475587,1.5488702875414575,0.0018556806946291773,0.03501693570514538,0.030429104486776465,432,"tags=32%, list=20%, signal=27%",MYH6/ACTC1/IGFBP7/COL1A2/ANXA1/MYL3/MYL2/THY1/CSRP3/DSP/NRAP/APOD/TNNI1/TNNC1/HSPB6/FBN1/HSPB7/CD34/MAPK14/JUP/PLG/CACYBP/GLUL/HSPB1/PRKDC/XIRP2/APOH/FLNA/MYH9/ALDH1A2/FN1/C3/CALD1/COMT/SERPINF1/MAP2K1/PRMT1/IL18/COL18A1/PDLIM1/CD36/RAP1A/RBP4/PDCL3/MYH7/AP2B1/CALR/PCNA/AP1B1
BP,GO:0008544,epidermis development,39,0.5684933756458832,1.7909423577123582,0.0019003275910156477,0.03562807728704176,0.030960175829178534,405,"tags=38%, list=19%, signal=32%",ANXA1/ATP2A2/DSP/KRT6A/TSG101/YBX1/KRT16/KRT6B/AKR1C3/KRT14/FLG/MAP2K1/IL18/KRT5/KRT17
BP,GO:0005996,monosaccharide metabolic process,70,-0.41590970125391885,-1.7100487580029655,0.0019235033532862347,0.0358314150298064,0.031136872770132776,488,"tags=44%, list=23%, signal=35%",DDB1/PKM/MAN2C1/GAPDH/PGAM2/PDHB/PRKAA1/ACACB/GAA/NLN/TPI1/ENO3/GALK1/TIGAR/DLAT/PGK1/PGM1/FBP2/DCXR/ENO2/PFKL/GPT/PFKM/NUDT5/SLC2A1/GPD1/GALT/PFKFB2/PDK4/KCNJ11/ALDOC
BP,GO:0016064,immunoglobulin mediated immune response,18,0.6817943427789357,1.8068060420774423,0.002042506088381515,0.03663902896812767,0.03183867515287365,327,"tags=72%, list=15%, signal=62%",IGHA1/SERPING1/HPX/IGHM/C4A/IGKC/CLU/IGHG2/IGHG3/IGHG1/C9/C3/PCYT1A
BP,GO:0019724,B cell mediated immunity,18,0.6817943427789357,1.8068060420774423,0.002042506088381515,0.03663902896812767,0.03183867515287365,327,"tags=72%, list=15%, signal=62%",IGHA1/SERPING1/HPX/IGHM/C4A/IGKC/CLU/IGHG2/IGHG3/IGHG1/C9/C3/PCYT1A
BP,GO:0046434,organophosphate catabolic process,61,-0.43942773486993764,-1.7658260762187024,0.002027882658084623,0.03663902896812767,0.03183867515287365,480,"tags=38%, list=23%, signal=30%",PKM/PNP/GAPDH/PGAM2/PRKAA1/TPI1/ENO3/GALK1/TIGAR/ITPA/PGK1/PRDX6/PGM1/ENO2/PFKL/PFKM/NUDT5/GPD1/BPGM/TYMP/PFKFB2/SLC4A1/ALDOC
BP,GO:0010927,cellular component assembly involved in morphogenesis,54,0.5217627841964301,1.748650048076947,0.002015013363301121,0.03663902896812767,0.03183867515287365,112,"tags=19%, list=5%, signal=18%",MYH6/MYBPH/ACTC1/MYH3/MYL2/CSRP3/NRAP/CSRP1/FLII/MYOM3
BP,GO:0032989,cellular anatomical entity morphogenesis,54,0.5217627841964301,1.748650048076947,0.002015013363301121,0.03663902896812767,0.03183867515287365,112,"tags=19%, list=5%, signal=18%",MYH6/MYBPH/ACTC1/MYH3/MYL2/CSRP3/NRAP/CSRP1/FLII/MYOM3
BP,GO:0044057,regulation of system process,97,0.4507588475234451,1.6527791058340482,0.0019998736319318884,0.03663902896812767,0.03183867515287365,320,"tags=30%, list=15%, signal=27%",MYH6/MYBPH/MYL3/MYL2/CSRP3/LMCD1/ATP2A2/DSP/TNNI1/TNNC1/HSPB7/FGG/ATP1A1/JUP/FGB/AGT/APOA1/CASQ2/FGA/ACTN3/CTSC/FLNA/SUMO1/APOA4/HSP90AA1/TNNT1/MGLL/SMTNL1/SETD3
BP,GO:0048644,muscle organ morphogenesis,15,0.7241410377226869,1.7904095588676137,0.002087516830634323,0.03721671110321068,0.03234067082138676,48,"tags=47%, list=2%, signal=46%",MYH6/ACTC1/MYL3/MYL2/DSP/TNNI1/TNNC1
CC,GO:0097708,intracellular vesicle,459,0.32913994357629295,1.3792530948283381,0.002122431841847457,0.037608456904931156,0.03268109106926861,493,"tags=30%, list=23%, signal=29%",CREG1/LTF/ANXA1/VIM/DSP/CTSG/TMSB4X/LYZ/CORO1C/RHOG/TSG101/ORM1/ARL8B/BGN/FGG/COPG1/ORM2/NDRG1/SNX1/ACTN1/ARHGDIB/SERPING1/HPX/ALB/ATP1A1/PPT1/ACTN4/MAPK14/CLU/DPYSL3/VAMP3/AP1M1/TF/JUP/TXNDC5/SERPINA1/FGB/FTL/AHSG/PLG/IQGAP1/STX7/CST3/ARPC5/HP/DYNLT1/OSBPL1A/SLC44A2/UBE3A/APOA1/ARG1/LMAN1/CD44/COMMD3/HSP90B1/FGA/SERPINA3/RAB6A/CTSC/APOH/DDX3X/MYH9/A2M/AMPD3/ATP6V1A/ARPC2/CHMP4B/CPNE3/COPB2/VAT1/FN1/A1BG/GNAI2/ACTR2/MIF/FLOT1/C3/APOA4/HSP90AA1/HSPA1A/GSN/KNG1/TOM1L2/S100A11/CTSZ/MME/SERPINF1/MAP2K1/LAMP2/TMED7/CCT8/GYG1/PPIB/PSMD6/CD36/SCCPDH/PGRMC1/VPS29/CLTC/SPPL2A/DBNL/RAB18/APOA2/DYNC1H1/GANAB/VAMP5/RAC1/RAP1A/RAB5C/TUBB/SERPINA4/SEC31A/RCSD1/HMGB1/RAB12/AP2B1/CTSB/VPS45/CALR/AP1B1/SCAMP3/LGALS3/SNX12/HUWE1/VPS36/PDIA4/APOB/PSMB1/CCT4/EHD1/SPTAN1/AKT2/LRPAP1/ANXA2/CCT2/HSP90AB1
MF,GO:0004867,serine-type endopeptidase inhibitor activity,21,0.6557189808877584,1.8300423776927432,0.0021469279504224455,0.03781195529653107,0.03285792761125006,307,"tags=52%, list=14%, signal=45%",SERPING1/SERPINC1/SERPINH1/SERPINA7/SERPINA1/AGT/ITIH2/SERPINA3/A2M/AMBP/SERPINF1
BP,GO:0006195,purine nucleotide catabolic process,46,-0.4664450206325805,-1.7271547934898688,0.002253162204368821,0.03944391184274574,0.034276069297912506,532,"tags=48%, list=25%, signal=37%",ALDOA/LDHA/PKM/PNP/GAPDH/PGAM2/PRKAA1/TPI1/ENO3/GALK1/TIGAR/ITPA/PGK1/PGM1/ENO2/PFKL/PFKM/GPD1/BPGM/PFKFB2/SLC4A1/ALDOC
BP,GO:0008016,regulation of heart contraction,42,0.5588227167836365,1.7888175735805707,0.002286799547560567,0.039793050809646756,0.03457946495176679,275,"tags=33%, list=13%, signal=30%",MYH6/MYL3/MYL2/CSRP3/ATP2A2/DSP/HSPB7/ATP1A1/JUP/AGT/CASQ2/FLNA/SUMO1/HSP90AA1
BP,GO:0044419,biological process involved in interspecies interaction between organisms,246,0.3660518225394601,1.4770996943178023,0.0023224212703359024,0.04017235840235793,0.03490907661363302,357,"tags=26%, list=17%, signal=24%",LTF/RPL30/ANXA1/BNIP3/VIM/IGHA1/CTSG/LYZ/KRT6A/TSG101/ARL8B/KRT16/SERPING1/HPX/IGHM/C4A/PPT1/HNRNPA0/MAPK14/CLU/AKAP1/PDE12/VAMP3/TF/FGB/HMGB2/PLG/HP/DYNLT1/HSPB1/ARG1/IGHG2/PRKDC/PPP6C/FGA/PAIP1/CCT5/IGHG3/DDX3X/A2M/ASS1/TMEM43/CHMP4B/IGHG1/FN1/C9/APCS/ACTR2/MIF/FLOT1/C3/APOA4/HSP90AA1/HSPA1A/GSN/KNG1/LAMP2/CFH/PPIB/DCD/IL18/CD36/PPP2CA/NDUFAF4
BP,GO:0019646,aerobic electron transport chain,58,-0.438302020493415,-1.7540793604539537,0.0024747052251281394,0.04211367829373713,0.03659604963475763,763,"tags=59%, list=36%, signal=39%",NDUFA9/NDUFS3/NDUFS4/NDUFV1/COX6A2/DLD/NDUFB3/NDUFV2/COX6C/NDUFS7/NDUFA6/COQ9/NDUFS1/NDUFS8/COX4I1/COX7A2L/NDUFB10/UQCRFS1/COX5A/UQCR11/NDUFB8/NDUFC2/NDUFC1/NDUFA3/NDUFB5/COX7A2/NDUFA2/UQCRQ/NDUFA4/NDUFB1/NDUFB4/COX7A1/UQCR10/SNCA
BP,GO:0010628,positive regulation of gene expression,162,0.39461791614992836,1.5287335458391658,0.0024588737539044045,0.04211367829373713,0.03659604963475763,416,"tags=29%, list=20%, signal=25%",MUSTN1/ACTC1/ANXA1/VIM/DNAJA4/YBX1/ORM1/ORM2/APEX1/CD34/HPX/HNRNPA0/MAPK14/CLU/PIP/SH3BGRL/AGT/HMGB2/S100A10/HSPB1/PRKDC/MSN/PAIP1/DDX3X/MYH9/ALDH1A2/FN1/MIF/FLOT1/C3/PDCD5/HSP90AA1/HSPA1A/GSN/EIF3D/MAP2K1/PRMT1/IL18/CD36/LUM/CNBP/APOA2/RPS27L/RBP4/KRT17/PDCL3/HMGB1
CC,GO:0031410,cytoplasmic vesicle,458,0.3293804051988868,1.3791859698203293,0.002478127662845509,0.04211367829373713,0.03659604963475763,493,"tags=30%, list=23%, signal=29%",CREG1/LTF/ANXA1/VIM/DSP/CTSG/TMSB4X/LYZ/CORO1C/RHOG/TSG101/ORM1/ARL8B/BGN/FGG/COPG1/ORM2/NDRG1/SNX1/ACTN1/ARHGDIB/SERPING1/HPX/ALB/ATP1A1/PPT1/ACTN4/MAPK14/CLU/DPYSL3/VAMP3/AP1M1/TF/JUP/TXNDC5/SERPINA1/FGB/FTL/AHSG/PLG/IQGAP1/STX7/CST3/ARPC5/HP/DYNLT1/OSBPL1A/SLC44A2/UBE3A/APOA1/ARG1/LMAN1/CD44/COMMD3/HSP90B1/FGA/SERPINA3/RAB6A/CTSC/APOH/DDX3X/MYH9/A2M/AMPD3/ATP6V1A/ARPC2/CHMP4B/CPNE3/COPB2/VAT1/FN1/A1BG/GNAI2/ACTR2/MIF/FLOT1/C3/APOA4/HSP90AA1/HSPA1A/GSN/KNG1/TOM1L2/S100A11/CTSZ/MME/SERPINF1/MAP2K1/LAMP2/TMED7/CCT8/GYG1/PPIB/PSMD6/CD36/SCCPDH/PGRMC1/VPS29/CLTC/SPPL2A/DBNL/RAB18/APOA2/DYNC1H1/GANAB/VAMP5/RAC1/RAP1A/RAB5C/TUBB/SERPINA4/SEC31A/RCSD1/HMGB1/RAB12/AP2B1/CTSB/VPS45/CALR/AP1B1/SCAMP3/LGALS3/SNX12/HUWE1/VPS36/PDIA4/APOB/PSMB1/CCT4/EHD1/SPTAN1/AKT2/LRPAP1/ANXA2/CCT2/HSP90AB1
BP,GO:0042730,fibrinolysis,11,0.7669330670485697,1.7876047799652848,0.002612494190079553,0.04413900067657663,0.03835601935129038,222,"tags=64%, list=10%, signal=57%",FGG/SERPING1/FGB/PLG/VTN/FGA/APOH
MF,GO:0004842,ubiquitin-protein transferase activity,27,-0.5639594456106292,-1.796918286415767,0.0026560252713782842,0.044615083460261815,0.0387697269609766,161,"tags=22%, list=8%, signal=21%",ARIH1/UBE2N/UBE4A/UBE2O/NEDD4/UBE2D4
BP,GO:0030048,actin filament-based movement,42,0.5554270198361122,1.7779477893147368,0.0027364842224521,0.04544127514540459,0.03948767308067722,242,"tags=36%, list=11%, signal=32%",MYH4/MYH6/ACTC1/MYH3/MYL6B/ATP2A2/DSP/TNNC1/ATP1A1/ACTN4/JUP/MYL6/FLNA/MYH9/SUMO1
MF,GO:0008307,structural constituent of muscle,32,0.579250311953498,1.748744746750536,0.002729347290163574,0.04544127514540459,0.03948767308067722,253,"tags=38%, list=12%, signal=34%",MYBPH/MYL6B/MYL3/MYL2/CSRP3/ANKRD2/CSRP1/TPM4/MYL6/ACTN3/NEXN/MYOT
BP,GO:0003229,ventricular cardiac muscle tissue development,10,0.7978646148506119,1.8003001425102445,0.00278949076458792,0.04553369530362436,0.03956798458122753,48,"tags=60%, list=2%, signal=59%",MYH6/MYL3/MYL2/DSP/TNNI1/TNNC1
BP,GO:0045661,regulation of myoblast differentiation,10,0.797286771703488,1.7989962983733412,0.00278949076458792,0.04553369530362436,0.03956798458122753,334,"tags=70%, list=16%, signal=59%",MUSTN1/CSRP3/ANKRD2/MAPK14/KLHL41/ACTB/IL18
BP,GO:0010977,negative regulation of neuron projection development,14,0.7259555252503487,1.7584070412668293,0.0028047252096864285,0.04553369530362436,0.03956798458122753,228,"tags=36%, list=11%, signal=32%",THY1/VIM/DPYSL3/UBE3A/FLNA
BP,GO:0060537,muscle tissue development,91,0.44396786055725684,1.6112218624381538,0.002785847048466148,0.04553369530362436,0.03956798458122753,236,"tags=21%, list=11%, signal=19%",MYH6/ACTC1/MYL6B/MYL3/MYL2/CSRP3/DSP/NRAP/TNNI1/TNNC1/CSRP1/RPL3L/KLHL40/MAPK14/KLHL41/MYL6/ACTN3/XIRP2/ALDH1A2
BP,GO:0006734,NADH metabolic process,18,-0.6360946168296729,-1.8596799063955296,0.002874565676081503,0.04615548121674242,0.04010830566123268,480,"tags=89%, list=23%, signal=69%",ME1/ENO1/PGAM1/MDH1/HK1/MDH2/PKM/PGAM2/TPI1/ENO3/PGK1/ENO2/PFKL/GPD2/PFKM/GPD1
BP,GO:0009892,negative regulation of metabolic process,362,0.3372121836177467,1.3956999144632436,0.0028747908121921463,0.04615548121674242,0.04010830566123268,376,"tags=23%, list=18%, signal=23%",CREG1/LTF/ANXA1/THY1/BNIP3/ANKRD2/VIM/LMCD1/APOD/SRSF7/CORO1C/POLDIP2/TSG101/MAGOH/YBX1/CRYAB/ORM1/APEX1/CD34/SRP9/KLHL40/SERPING1/SERPINC1/ATP1A1/HNRNPA0/MAPK14/CLU/SERPINH1/PDE12/UCHL1/SERPINA7/SERPINA1/AGT/AKR1C3/HMGB2/IQGAP1/CST3/HP/DNAJB4/HSPB1/APOA1/ARG1/DNAJB6/PRKDC/CD44/VTN/ITIH2/SRSF3/DEPTOR/FGA/SERPINA3/ACTN3/SERBP1/LMNB1/PAIP1/CBX3/FLNA/YWHAQ/DDX3X/A2M/AMBP/SUMO1/FN1/APCS/MIF/RPL10/HSPA1A/KNG1/S100A11/CTSZ/CAST/PRKAA2/SERPINF1/HNRNPA1/RBBP7/SMTNL1/CD36/OTUB1/PPP2CA/CLTC/RALY/SIRT5/CNBP/APOA2/SGTA
BP,GO:0009913,epidermal cell differentiation,28,0.6060496479307849,1.768106002403067,0.002907514486355356,0.0464243796557619,0.0403419737002111,405,"tags=43%, list=19%, signal=35%",ANXA1/DSP/KRT6A/TSG101/KRT16/KRT6B/AKR1C3/KRT14/FLG/MAP2K1/KRT5/KRT17
CC,GO:0035580,specific granule lumen,18,0.6709626574984389,1.7781012653101342,0.002924150475821316,0.04643487039746855,0.040351089971212756,173,"tags=39%, list=8%, signal=36%",LTF/LYZ/ORM1/ORM2/JUP/HP/ARG1
BP,GO:0006826,iron ion transport,13,0.7257569090136036,1.7398238349082829,0.003132822703069888,0.04924713277894182,0.04279489677860015,229,"tags=46%, list=11%, signal=41%",LTF/HPX/SFXN1/TF/FTL/CP
BP,GO:2000026,regulation of multicellular organismal development,126,0.4083681345807978,1.5390633478091567,0.003135140937406826,0.04924713277894182,0.04279489677860015,416,"tags=32%, list=20%, signal=27%",MYH6/MUSTN1/LTF/ANXA1/THY1/HSPB6/FBN1/CD34/MAPK14/JUP/AHSG/HMGB2/DYNLT1/GLUL/S100A10/HSPB1/PRKDC/ACTN3/CTSC/APOH/ASPN/FN1/APCS/C3/DNAJB11/DBN1/HSPA1A/TWF2/MME/SERPINF1/MAP2K1/ACTB/PRMT1/IL18/CD36/LGALS1/RBP4/KRT17/PDCL3/HMGB1
MF,GO:0003823,antigen binding,14,0.7217843406236113,1.748303611837665,0.003180774070974019,0.04969531962500268,0.043184363306545966,249,"tags=64%, list=12%, signal=57%",IGHA1/IGKV4-1/IGHM/IGKC/PLG/IGHG2/IGKV2D-28/IGHG3/IGHG1
BP,GO:0045214,sarcomere organization,34,0.5776544513287281,1.7647088121285102,0.003214496314628898,0.04995361652573036,0.04340881879422869,112,"tags=21%, list=5%, signal=20%",MYH6/MYBPH/MYH3/CSRP3/CSRP1/FLII/MYOM3
